u,g,r,i,z,redshift,class
21.53146,21.46026,21.11351,21.16899,21.35262,1.1758,QSO
20.37212,18.30346,17.27845,16.85471,16.50052,0.11828,GALAXY
18.23172,17.28213,16.9667,16.84638,16.80779,-0.0008,STAR
24.196,20.59603,18.93291,18.26131,17.88179,0.45069,GALAXY
21.64019,21.24499,21.07289,21.17593,20.74038,2.46366,QSO
21.75961,21.3033,19.6373,18.6705,18.16776,0.54881,GALAXY
21.1452,20.22929,20.1909,19.78871,19.81073,0.00018,STAR
20.24415,19.71001,19.33279,18.96152,18.71481,1.92064,QSO
26.2865,22.2941,20.46461,19.2792,18.78435,0.0,GALAXY
23.01588,22.83824,20.92838,19.68523,19.1048,0.63171,GALAXY
24.13075,23.32906,21.06015,19.66034,18.95362,0.7325,GALAXY
23.54723,21.27929,19.54008,18.78529,18.27904,0.45821,GALAXY
19.76685,18.31725,17.56582,17.12941,16.85463,0.06649,GALAXY
21.11003,19.61047,17.90791,17.31809,16.96327,0.30697,GALAXY
22.83567,22.33683,21.3205,20.31862,19.92782,0.61825,GALAXY
21.63524,21.06787,20.90258,20.79483,20.59589,2.31307,QSO
22.14127,20.77276,20.40395,20.16539,20.07246,-0.00047,STAR
22.70266,21.89155,21.7137,21.69866,21.35661,1.58134,QSO
21.76881,22.18852,20.04391,19.09205,18.2948,0.59568,GALAXY
19.43323,18.08293,17.35452,16.98385,16.63092,0.03827,GALAXY
20.3119,18.75949,18.21374,18.01626,17.95008,-0.00032,STAR
22.68901,20.85206,19.16103,18.49129,18.11481,0.32274,GALAXY
18.25098,17.19281,16.77774,16.60106,16.5401,-0.00023,STAR
22.07561,19.29926,17.86314,17.34206,16.89922,0.20212,GALAXY
21.83128,21.79597,21.8577,21.48692,21.45597,2.12447,QSO
22.27285,22.27485,21.9501,21.92262,21.24494,1.17685,QSO
22.89501,22.66126,21.20583,19.99455,19.41939,0.77082,GALAXY
22.18952,21.17381,20.45568,20.11105,19.73281,0.23385,GALAXY
20.76409,19.91596,19.61364,19.47803,19.1974,2.26545,QSO
25.45506,20.75373,19.00499,18.4073,18.00096,0.37478,GALAXY
22.63321,20.80416,19.37463,18.11353,17.47328,0.00016,STAR
22.95372,21.34708,19.76579,19.00434,18.56721,0.44215,GALAXY
19.21222,17.86094,17.30574,17.08466,16.99803,-0.00058,STAR
19.62427,18.62035,18.21736,18.04644,17.96542,-0.0007,STAR
25.51413,24.02568,21.6156,20.37377,19.52296,0.77274,GALAXY
21.60484,21.60692,21.21115,21.19559,20.95471,0.97844,QSO
18.84927,16.41358,15.34679,14.96415,14.74141,4e-05,STAR
20.09229,20.08808,19.85296,19.84102,20.17329,1.34659,QSO
23.18624,21.28464,19.49544,18.85238,18.45238,0.41258,GALAXY
22.55595,21.68969,19.91338,18.97042,18.6772,0.53335,GALAXY
22.95933,22.71372,21.30472,20.0229,19.41566,0.79018,GALAXY
19.8515,18.75258,18.28077,18.10059,17.96985,-0.00043,STAR
21.47181,21.44885,20.96982,21.02572,21.22021,1.23226,QSO
22.62081,23.63534,22.20564,20.67518,19.6934,0.94642,GALAXY
20.67053,20.34801,20.17295,20.0278,19.75881,2.12986,QSO
25.80805,22.19835,20.53009,19.45508,18.99338,0.55145,GALAXY
22.3538,20.02552,18.34617,17.69679,17.25051,0.3061,GALAXY
20.41329,18.32578,17.22836,16.74384,16.37201,0.1253,GALAXY
21.62683,21.17291,20.82467,20.66648,20.62719,0.00023,STAR
26.07724,21.5234,20.31039,19.30348,19.02363,0.63889,GALAXY
23.78437,21.95328,20.09332,19.22108,18.6654,0.47336,GALAXY
24.70971,22.10751,20.43457,19.50083,18.96932,0.51105,GALAXY
25.14973,20.75565,18.99384,18.43215,18.11121,0.39366,GALAXY
19.88122,18.22311,17.20632,16.70136,16.38288,0.16973,GALAXY
21.30598,20.44816,20.16174,19.92407,19.9515,-0.00332,STAR
20.38827,18.54829,17.34957,16.84198,16.4205,0.15461,GALAXY
27.57039,22.12944,20.42724,19.30297,18.78611,0.55336,GALAXY
21.85679,21.09704,20.90276,21.12355,20.91128,-0.00041,STAR
19.61962,18.41266,17.82396,17.37074,17.19285,0.05516,GALAXY
20.75025,19.15887,18.45077,18.20113,18.0372,-0.00023,STAR
20.23321,18.68152,17.38247,16.54694,16.06788,-0.00012,STAR
23.96795,22.48869,20.4472,19.5232,19.02096,0.52222,GALAXY
23.18946,22.25273,18.76143,17.69265,17.92018,0.51118,GALAXY
23.2417,21.41319,21.12747,21.13383,21.22565,0.00118,STAR
20.74236,20.38247,19.97868,19.81172,19.72861,1.04503,QSO
21.68866,21.15375,20.72445,20.02903,19.64681,0.55113,QSO
22.57952,21.49819,20.09961,19.37099,18.94553,0.26097,GALAXY
20.3049,20.16242,19.90542,19.84776,19.8304,1.15892,QSO
23.01483,22.07658,20.59655,19.68075,19.23791,0.51392,GALAXY
20.17334,20.11224,19.91737,19.83027,19.83457,1.29623,QSO
23.78752,21.32328,19.37278,18.62956,18.43438,0.22287,GALAXY
20.49603,18.37257,17.35813,16.83039,16.39261,0.11327,GALAXY
21.90186,19.86914,18.95481,18.60397,18.3454,-0.0004,STAR
23.92413,22.02436,20.63531,19.62875,19.05524,0.60234,GALAXY
26.01631,21.00772,19.10743,18.43264,17.91191,0.3175,GALAXY
22.27509,21.9311,20.80707,19.92921,19.79024,0.53761,GALAXY
18.30169,16.74308,16.01075,15.61327,15.30555,0.07478,GALAXY
22.1022,22.46536,22.10225,21.70761,21.98381,0.96479,GALAXY
22.21287,22.15026,21.02669,19.97306,19.75162,0.50479,GALAXY
18.89044,17.03682,16.12284,15.7068,15.36269,0.07527,GALAXY
21.46035,21.25195,21.27618,20.8882,21.52303,1.8535,QSO
20.06919,17.81425,16.55137,15.9986,15.58444,0.14321,GALAXY
22.07194,22.04393,21.94318,21.55059,22.06341,1.75092,QSO
22.10936,22.22843,20.65217,19.60251,19.01694,0.73406,GALAXY
24.26023,21.79127,20.15681,19.55552,19.20857,0.34396,GALAXY
20.58744,20.59652,20.59658,20.21099,20.14742,1.56618,QSO
23.52242,22.71045,22.17099,20.96162,20.77747,0.88353,GALAXY
20.7423,19.09194,18.29115,17.95191,17.74852,0.00024,STAR
18.57194,17.6802,17.41607,17.32528,17.32845,-0.00039,STAR
27.64246,22.94404,22.11797,20.6212,19.67573,0.47384,GALAXY
23.86578,22.53287,22.0991,21.3706,21.32934,0.79153,QSO
19.45091,18.4549,18.18786,18.072,18.00937,6e-05,STAR
17.37012,16.32974,15.95521,15.79718,15.7534,-4e-05,STAR
22.56215,21.77307,20.23469,19.30476,18.93696,0.60419,GALAXY
23.20553,23.08991,20.56207,19.45952,19.01915,0.64595,GALAXY
19.76359,17.68858,16.69257,16.25893,15.92573,0.09561,GALAXY
21.87682,19.01387,17.63365,17.03233,16.66936,0.24029,GALAXY
24.5071,21.88947,21.54139,20.9583,20.67414,-0.00033,STAR
20.98468,20.48951,20.33408,20.0416,19.85545,0.6358,QSO
22.65328,21.10485,19.32054,18.65645,18.26602,0.36498,GALAXY
25.65911,22.37374,20.7339,19.71801,19.19854,0.53125,GALAXY
20.92679,19.77041,18.10551,17.51972,17.13813,0.3175,GALAXY
22.65407,21.59926,20.61978,19.71093,19.33855,0.64107,GALAXY
25.2839,22.84419,21.11882,19.96478,19.59063,0.54948,GALAXY
24.68469,23.01393,21.20358,20.11077,19.9246,0.62536,GALAXY
19.55769,19.469,19.24376,19.25563,19.37844,1.32036,QSO
20.37385,18.58753,17.91015,17.64277,17.50006,0.0001,STAR
18.14647,17.04755,16.7124,16.45429,16.31682,0.05628,GALAXY
19.57201,18.1958,17.63343,17.43241,17.3175,0.00026,STAR
24.3749,21.41041,19.65927,18.91976,18.52028,0.39703,GALAXY
22.92009,21.42718,21.33765,21.19082,20.68214,-0.00017,STAR
24.19275,22.83356,22.36386,21.31371,19.74689,0.82102,GALAXY
20.82485,18.8294,17.70249,17.23685,16.9098,0.14186,GALAXY
25.28207,25.13393,23.47198,20.9459,19.12203,1e-05,STAR
22.8436,21.69528,20.06928,19.17686,18.73457,0.47377,GALAXY
23.94494,22.29095,20.55914,19.66234,19.21282,0.4985,GALAXY
22.23644,21.37389,20.63061,19.77453,19.55542,0.72826,GALAXY
16.23475,14.64185,14.17722,13.96634,13.83547,-0.00014,STAR
25.73304,21.9763,20.23214,19.31268,19.03368,0.47416,GALAXY
21.75375,19.17944,17.60469,17.02054,16.63438,0.28794,GALAXY
21.59518,21.16139,21.09193,20.73575,20.53535,0.38779,GALAXY
19.94934,19.44662,19.13211,18.95838,18.93792,1.39234,QSO
26.08258,22.31478,20.53133,19.25826,18.69431,0.64907,GALAXY
24.71324,21.61429,19.79663,18.84823,18.43272,0.47971,GALAXY
17.51548,15.64597,14.87492,14.59927,14.44045,-0.00014,STAR
22.83273,22.50893,21.59932,20.75332,20.10203,0.80412,GALAXY
24.89605,21.68359,20.1266,19.55698,18.17766,8e-05,STAR
26.01783,21.23825,19.41547,18.76888,18.37518,0.38069,GALAXY
23.19462,21.84492,22.0361,21.65459,20.87985,2.27849,QSO
23.04586,22.49166,22.17573,22.31556,21.94926,3.13904,QSO
21.0981,19.06145,17.83976,17.22228,16.73255,0.13069,GALAXY
19.18812,17.96106,17.57163,17.35446,17.21863,0.03415,GALAXY
17.36715,17.59211,17.8372,17.95381,18.01324,-0.00019,STAR
24.80182,22.63582,20.92977,19.98283,19.59217,0.51953,GALAXY
19.6923,17.915,17.08204,16.70932,16.42522,0.08395,GALAXY
25.46991,22.37744,20.98213,19.94934,19.61529,0.53942,GALAXY
22.36342,22.75465,22.24936,21.46029,22.63921,0.71224,GALAXY
20.59875,20.54333,20.33304,20.33018,20.40253,1.3225,QSO
23.9979,22.75621,22.49853,22.40253,22.19019,0.81974,GALAXY
17.76723,16.70294,16.65499,16.65003,16.68738,-4e-05,STAR
24.41403,21.32142,20.12821,19.14138,18.70422,0.54457,GALAXY
24.65166,23.25862,23.282,21.90052,23.05937,1.10111,GALAXY
23.71831,23.49066,21.8562,20.57625,19.91256,0.60145,GALAXY
21.71652,21.05296,21.07898,21.09381,20.7707,2.65321,QSO
22.17755,22.19759,20.79907,19.93238,19.69447,0.47942,GALAXY
22.65417,21.24533,20.96439,20.54552,20.36755,2.89303,QSO
21.94907,22.04198,21.43773,21.33374,20.93072,1.34287,QSO
23.2238,22.41479,20.52888,19.46821,19.16585,0.56956,GALAXY
24.37612,20.99989,19.40301,18.27658,17.66025,7e-05,STAR
22.67399,22.06464,22.00698,22.21967,21.19485,2.02029,QSO
22.2194,22.86417,21.23664,19.87321,19.52672,0.78844,GALAXY
19.62331,18.65246,18.2628,17.92365,17.82611,0.06796,GALAXY
22.11026,21.72244,21.65364,21.4765,21.93348,0.00052,STAR
20.88165,19.93396,19.65022,19.5598,19.20127,2.20025,QSO
17.91605,17.57691,17.79357,18.04591,18.30273,-5e-05,STAR
22.34943,21.52566,20.76646,20.41805,19.73156,0.29875,GALAXY
24.32553,21.95496,20.47329,19.2953,18.69184,0.58595,GALAXY
21.3838,20.69814,20.41844,20.29187,20.26995,-0.00091,STAR
19.22891,18.45905,17.93916,17.9422,17.93723,0.00097,GALAXY
23.28845,22.02621,20.53175,19.64094,19.32831,0.64006,GALAXY
21.43438,20.89293,20.75115,20.36706,20.16472,0.76199,QSO
20.61308,17.9859,16.79278,16.36371,16.11971,-5e-05,STAR
24.81007,21.48482,19.57423,18.8821,18.43216,0.39575,GALAXY
20.7093,20.43235,20.45846,20.2951,19.99882,2.117,QSO
21.93473,21.39016,21.15233,21.01593,21.43137,0.24762,GALAXY
22.55235,22.0034,22.15107,21.81506,21.28623,2.15761,QSO
19.87783,18.05077,17.15392,16.74784,16.46293,0.12348,GALAXY
24.15141,22.51791,20.482,19.57437,19.10012,0.52413,GALAXY
22.38622,21.92308,21.32875,20.95809,21.113,0.48643,GALAXY
25.33195,23.8747,21.65305,20.49397,19.67075,0.73445,GALAXY
21.90602,21.72589,21.7784,21.70934,22.64029,1.60177,QSO
26.66579,20.09511,18.25286,17.53429,17.24176,0.36502,GALAXY
16.14039,14.76719,14.07343,13.74222,13.44298,0.01972,GALAXY
22.67799,21.8885,20.25941,19.32304,18.71426,0.50119,GALAXY
21.51996,19.4311,17.96823,17.46107,17.14354,0.24239,GALAXY
22.8111,21.96772,21.63825,21.5315,22.61249,5.47124,QSO
24.62518,22.15403,20.6101,19.65706,19.06438,0.49167,GALAXY
25.27984,21.78361,20.07992,19.23121,18.87253,0.49167,GALAXY
22.02977,20.28691,19.04712,18.55817,18.21113,0.23339,GALAXY
21.97776,21.64733,21.38364,21.1759,20.72747,0.92459,QSO
17.92633,16.71815,16.22034,15.91371,15.90901,-0.00075,STAR
18.50066,17.75872,17.57899,17.26281,17.20432,0.10429,GALAXY
20.44117,19.23798,18.7837,18.60306,18.58201,-0.0005,STAR
26.61447,22.1079,20.27576,19.37268,18.72602,0.52722,GALAXY
24.90299,20.89936,19.10287,18.40359,18.00317,0.33559,GALAXY
17.87339,16.97094,16.70005,16.5776,16.56861,-0.00051,STAR
21.68359,21.65612,21.52224,21.4289,21.28277,1.94823,QSO
21.5714,18.94348,17.60908,16.99118,16.59868,-3e-05,STAR
19.77891,17.53415,16.6627,16.3641,16.22255,5e-05,STAR
21.9585,19.54315,18.08479,17.52959,17.12489,0.23235,GALAXY
18.57548,17.0461,16.90918,16.89362,16.87324,-0.00016,STAR
18.30911,16.39284,15.53008,15.12183,14.79922,0.04407,GALAXY
25.59969,22.59324,20.98895,19.82879,19.13809,0.61729,GALAXY
18.34287,16.46622,15.62141,15.19718,14.86162,0.0332,GALAXY
22.43962,19.60216,18.17077,17.60651,17.40874,0.21037,GALAXY
19.44151,17.49463,16.48753,15.99966,15.62574,0.10052,GALAXY
22.46608,22.34522,21.41817,21.14704,20.62995,0.42504,GALAXY
22.52141,21.68975,20.35596,19.56883,19.2673,0.57277,GALAXY
23.14853,21.21952,19.6335,18.45618,17.79023,-0.00016,STAR
25.96665,23.70792,22.18864,21.11198,19.89001,0.56353,GALAXY
22.32214,21.64186,21.49409,21.29662,21.33824,0.00056,STAR
19.06218,18.00039,17.65346,17.6667,17.49867,1e-05,STAR
25.53795,22.7298,20.54894,19.62387,19.04853,0.49519,GALAXY
20.68266,18.35571,17.06546,16.54304,16.0955,0.15515,GALAXY
21.73459,18.81292,17.31507,16.29575,15.71282,-7e-05,STAR
21.24089,20.60676,20.38469,20.28708,20.06914,-0.00099,STAR
23.95771,22.0844,20.48494,19.60434,19.10653,0.48014,GALAXY
21.36224,20.47222,20.04027,19.80409,19.95952,0.01712,GALAXY
20.70924,19.49264,19.06715,18.88896,18.80664,0.00017,STAR
20.61647,18.72079,17.42674,16.89155,16.47175,0.19911,GALAXY
19.29539,17.40516,16.70463,16.44409,16.37746,-0.0,STAR
19.81834,19.71345,19.53543,19.30761,19.56145,1.54239,QSO
20.17388,19.68057,19.73527,19.7014,19.45742,2.24996,QSO
19.12873,18.17958,17.95441,17.8771,17.678,-0.00096,STAR
21.67082,21.16415,20.46125,19.74303,19.32428,0.01049,GALAXY
24.95381,25.11718,21.83791,20.68073,19.97835,0.59572,GALAXY
24.03302,23.21087,21.20723,20.02082,19.46316,-0.00027,STAR
19.20073,18.89199,19.16409,19.37217,19.55825,9e-05,STAR
19.9019,18.23151,17.5533,17.28815,17.15553,-0.00017,STAR
25.3187,21.94024,20.77253,19.89395,19.41046,0.47327,GALAXY
25.80162,21.75208,20.12333,19.30475,18.75632,0.49512,GALAXY
21.15579,23.77217,20.01553,18.76418,18.36122,0.66581,GALAXY
22.47096,20.82272,20.64627,20.63993,20.32498,-0.00074,STAR
21.94563,21.66816,21.35033,21.42742,21.23979,1.35316,QSO
20.89084,20.77667,20.8085,20.75117,20.91647,2.1524,QSO
20.16618,18.46651,17.4714,17.01777,16.73892,0.18431,GALAXY
22.04329,19.20854,17.8108,16.97577,18.06054,0.50034,GALAXY
19.63545,18.95618,18.84847,18.84274,18.60945,2.52788,QSO
24.37648,23.97791,21.78216,20.4085,19.63535,0.70924,GALAXY
23.62654,21.9167,21.57076,21.17478,20.95454,-0.00027,STAR
20.77034,18.79863,17.60102,17.1183,16.7616,0.19352,GALAXY
16.67946,15.44403,15.01405,14.87161,14.81036,-1e-05,STAR
24.59782,20.50997,18.55287,17.80803,17.38354,0.41837,GALAXY
21.33342,18.89114,17.75625,17.32979,17.0767,1e-05,STAR
23.39015,23.33044,21.44933,20.4228,19.74014,0.75411,GALAXY
26.71988,22.31532,20.64314,19.66802,19.14475,0.50395,GALAXY
24.74969,21.75748,20.08408,19.26777,18.89227,0.44601,GALAXY
19.75068,19.64277,19.36223,19.06267,18.9127,0.24406,QSO
18.19623,15.60608,14.39192,13.94388,13.69602,-4e-05,STAR
21.71786,21.86322,21.53328,21.49548,20.67647,1.22269,QSO
23.7188,21.83184,20.12531,19.33435,18.96711,0.43932,GALAXY
24.37903,22.89962,21.37312,20.32033,19.56046,0.79443,GALAXY
23.88434,23.34287,22.28625,20.86029,19.77993,0.83853,GALAXY
25.98003,22.76835,20.74389,19.6419,19.10222,0.52582,GALAXY
19.87039,17.78003,16.81964,16.39479,16.04807,0.07771,GALAXY
22.15423,22.20991,21.87874,21.61211,22.07898,1.51165,QSO
22.02547,19.60271,18.20875,17.32771,16.82603,-0.00015,STAR
22.65827,21.77934,20.32184,19.39973,18.93883,0.54879,GALAXY
22.901,23.04344,21.60731,20.31342,19.79481,0.59857,GALAXY
24.00302,21.91862,20.5589,19.76119,19.29732,0.4794,GALAXY
23.28152,21.14842,19.45122,18.70357,18.23628,0.48536,GALAXY
19.083,17.31173,16.34124,15.89388,15.54569,0.13055,GALAXY
24.66195,21.39731,19.60001,18.89477,18.38589,0.39739,GALAXY
23.6445,21.92193,20.41177,19.24794,18.72689,0.58318,GALAXY
20.866,19.40511,18.55457,18.15291,17.91744,2e-05,STAR
21.7463,20.74098,20.64576,20.71715,20.39931,0.00041,STAR
19.92628,18.55006,17.79479,17.38527,17.11866,0.12372,GALAXY
21.71665,21.44829,21.31309,20.88057,20.64408,1.68464,QSO
21.06156,18.75232,17.55448,17.03647,16.56252,0.10731,GALAXY
20.51228,18.74496,17.62286,17.12132,16.80502,0.20728,GALAXY
26.62935,23.37943,21.85444,20.69932,19.9198,0.56571,GALAXY
22.5722,20.82608,20.49407,20.44662,20.24178,-0.00089,STAR
22.83459,21.97565,20.38125,18.54339,17.49355,-0.0001,STAR
21.10714,19.00547,17.83573,17.3589,17.02791,0.17155,GALAXY
24.88113,21.3488,19.4874,18.83549,18.50684,0.3749,GALAXY
25.63358,22.54419,20.80545,19.82299,19.2769,0.55697,GALAXY
20.10711,18.88208,18.35278,18.11955,18.02048,-0.00023,STAR
25.23599,21.49023,20.77616,20.70316,20.92058,-0.00088,STAR
26.29708,23.01393,21.79261,20.64426,19.76287,0.8521,GALAXY
19.11908,18.23189,17.85326,17.63223,17.40846,0.0316,GALAXY
18.5664,16.88487,15.95432,15.47709,15.11635,0.11137,GALAXY
18.98749,17.41523,16.81356,16.52729,16.38359,0.06139,GALAXY
25.21092,24.14557,21.72277,20.19901,19.47102,0.7008,GALAXY
21.78973,20.20881,18.50979,17.95181,17.61425,0.34365,GALAXY
22.4458,20.94228,19.08336,18.38821,17.98822,0.38614,GALAXY
21.61499,21.17714,21.10814,20.91099,20.90189,1.72741,QSO
20.33123,18.34313,17.29332,16.83147,16.45511,0.12578,GALAXY
17.98822,17.81707,17.76644,17.74187,17.66761,0.41149,QSO
19.50336,17.60485,16.63344,16.19059,15.83346,0.09415,GALAXY
24.79388,21.76187,20.38908,19.59306,19.19121,0.52919,GALAXY
25.5486,22.03781,20.36088,19.31423,18.67971,5e-05,STAR
26.48803,22.37808,20.78193,19.73572,19.12467,0.53634,GALAXY
20.14872,18.10803,17.09723,16.68313,16.32329,0.12364,GALAXY
21.739,20.72874,20.31063,20.12752,19.84341,-3e-05,STAR
19.73046,18.47959,17.47165,16.97127,16.68603,0.18981,GALAXY
22.03709,22.60686,21.30017,20.22376,19.56408,0.84896,QSO
21.33502,19.2529,17.7602,17.22825,16.84498,0.23546,GALAXY
24.60872,22.67548,20.94611,19.97463,19.59227,5.71317,QSO
24.02832,23.02624,22.30341,21.8737,22.15822,1.0082,GALAXY
23.95868,22.37059,20.42937,19.48207,19.01667,0.55101,GALAXY
24.41624,21.70132,20.27003,19.44508,19.05396,-1e-05,STAR
26.42293,23.81675,23.66158,21.1142,19.88306,0.85523,GALAXY
17.47629,16.27715,15.84659,15.69811,15.6525,0.00019,STAR
24.68345,20.20766,20.82804,19.26909,22.82701,-0.00024,STAR
20.39273,19.43597,18.9968,18.79631,18.72292,-0.0005,STAR
22.09333,21.75518,21.60338,21.22513,21.79436,0.12642,GALAXY
24.72202,22.50232,20.37133,19.26859,18.70745,0.6067,GALAXY
22.15043,21.22017,20.14071,19.38606,18.92429,0.59051,GALAXY
21.45423,20.85859,20.03034,19.04209,19.37453,0.21328,QSO
20.2825,18.52581,17.67698,17.29877,17.00161,0.09863,GALAXY
24.44758,22.49511,20.74838,19.60985,19.17579,0.53202,GALAXY
22.16135,21.28652,20.73353,20.57935,20.64709,-0.00058,STAR
20.55105,19.49038,19.27476,19.30639,19.08241,2.89572,QSO
21.24083,19.45673,18.56136,18.15205,17.8427,0.1413,GALAXY
24.45869,21.62444,21.28363,21.00736,20.79884,1.16148,QSO
19.51429,19.25422,19.13171,18.86989,19.01249,1.56308,QSO
19.67858,18.29524,17.72342,17.36707,17.09557,0.07013,GALAXY
18.36864,17.4796,17.18597,17.07324,17.05032,-5e-05,STAR
19.10983,17.64966,16.83231,16.38746,16.06313,0.09883,GALAXY
23.47277,22.10075,20.37586,19.3165,19.01438,0.61843,GALAXY
21.70631,19.70515,18.00151,17.35771,16.95596,0.29221,GALAXY
17.07988,15.49001,14.68459,14.23044,13.83142,0.03478,GALAXY
20.44593,18.5393,17.57799,17.16859,16.82794,0.11299,GALAXY
23.62842,22.8375,22.32752,21.80469,22.01285,0.83003,GALAXY
22.49449,22.4364,20.71432,19.57796,19.03768,0.6707,GALAXY
24.47338,21.4437,21.63513,20.39684,20.57769,0.86287,GALAXY
21.16902,19.23988,17.85492,17.34451,17.0055,0.21282,GALAXY
21.27731,20.37755,19.98565,19.78929,19.98641,0.14729,GALAXY
26.77935,22.75525,20.7221,19.43495,18.98617,0.72368,GALAXY
21.66266,21.0893,21.13782,21.0253,20.634,-0.00041,STAR
24.55463,24.86916,23.75057,22.87683,22.71677,1.99408,GALAXY
20.07111,18.90989,18.59975,18.49486,18.44771,-0.00036,STAR
20.22618,18.25831,17.16261,16.69992,16.35625,0.15151,GALAXY
20.72946,20.62613,20.37302,20.31219,20.41174,1.16213,QSO
24.62216,22.17577,20.33542,19.60298,19.08276,0.00046,STAR
23.68933,21.81987,20.53164,19.65003,19.39569,-3e-05,STAR
22.82734,22.82433,22.06846,21.36881,20.61592,0.75761,GALAXY
21.77728,21.02331,20.86725,20.89503,20.54174,2.44798,QSO
25.94921,24.48255,21.82409,20.66266,19.9295,0.60897,GALAXY
19.85266,18.35436,17.47176,17.01434,16.69131,0.12396,GALAXY
24.20686,21.3218,21.10888,20.86214,20.98633,6e-05,STAR
25.00405,21.60199,20.10168,19.30633,18.9229,0.42706,GALAXY
22.03356,20.31411,18.74901,18.1333,17.79078,0.31572,GALAXY
20.79207,20.63821,20.61416,20.41011,20.43491,1.96667,QSO
25.33423,21.91826,20.49094,19.85537,20.44468,2e-05,STAR
24.36241,22.75727,21.31338,20.42665,19.89421,0.49441,GALAXY
22.24314,20.85368,19.20185,18.4891,18.04472,0.4036,GALAXY
20.35273,19.57133,19.23103,19.12549,19.05155,0.0005,STAR
19.3288,18.50013,18.26982,17.89451,17.87831,0.08197,GALAXY
22.32395,20.95749,19.71659,18.82068,18.3555,0.56913,GALAXY
21.44434,20.51712,20.32668,20.1015,19.49667,1.90665,QSO
22.27973,19.8959,18.64368,18.12042,17.78976,-7e-05,STAR
17.64328,16.52074,16.12825,16.07608,15.98374,0.00682,GALAXY
17.77498,16.57872,16.07197,15.85703,15.76977,-0.00011,STAR
20.50329,20.05911,20.2213,20.03669,19.99034,1.87836,QSO
18.90986,17.24769,16.43064,15.97549,15.65343,0.07393,GALAXY
22.21361,21.37388,19.49967,18.81493,18.40223,0.44267,GALAXY
23.10574,22.47255,20.76504,19.837,19.45601,0.53844,GALAXY
22.31305,20.50288,20.21018,20.19786,20.22824,3.17191,QSO
21.73346,19.46808,17.99698,17.41898,17.02058,0.2093,GALAXY
20.65034,18.40441,17.28419,16.8546,16.66684,-0.00015,STAR
21.48725,20.78986,20.4463,20.15608,19.90429,0.11476,GALAXY
24.01347,21.87235,20.3829,19.59453,19.4778,0.30111,GALAXY
19.22256,18.32685,18.08183,18.0038,17.98653,-0.00085,STAR
24.03487,22.19291,20.5628,18.32762,17.09389,-2e-05,STAR
25.01251,21.62453,20.13096,19.02108,18.33451,-0.00024,STAR
19.70629,18.1031,17.24023,16.81063,16.48463,0.08896,GALAXY
26.37449,22.9733,21.57954,20.28816,19.46839,0.53338,GALAXY
21.03849,20.19729,19.89829,19.84145,19.89102,-0.0004,STAR
15.8042,13.87432,13.03365,12.64977,12.39546,0.02121,GALAXY
19.16935,17.40518,16.49795,15.95601,15.51161,0.03533,GALAXY
18.98794,17.68647,17.01717,16.61695,16.36001,0.09842,GALAXY
21.53139,21.28307,20.65057,20.2927,20.40835,1.83235,QSO
19.74142,17.89171,16.95837,16.56289,16.2253,0.07817,GALAXY
22.75577,22.20406,20.62656,19.78901,19.38194,0.54567,GALAXY
21.43795,21.51688,19.8413,18.85414,18.31731,0.58447,GALAXY
21.29243,19.49855,18.32666,17.75246,17.33746,0.13814,GALAXY
23.47448,21.23772,20.64201,20.56834,20.45865,0.00015,STAR
22.67654,21.31603,21.26331,21.12468,21.4897,-0.00153,STAR
22.23774,21.04301,19.79235,19.24464,18.87647,0.31966,GALAXY
21.64084,19.64065,18.11332,17.52909,17.12369,0.27046,GALAXY
21.57371,19.33216,17.69253,16.34277,15.61297,4e-05,STAR
19.32144,17.71307,17.31919,17.11437,16.93137,0.02417,GALAXY
22.86827,22.98276,21.75042,21.46449,20.9273,1.13739,GALAXY
18.34086,17.38601,17.12873,16.8425,16.74682,0.0696,GALAXY
22.21569,21.79224,21.63283,21.07006,20.97572,1.7517,QSO
20.63426,20.28807,20.26386,20.18857,19.85187,0.73219,QSO
22.93494,22.33098,21.29401,20.49439,20.03038,0.59185,GALAXY
20.07517,17.93891,16.87317,16.44938,16.09202,0.12343,GALAXY
22.70289,21.24907,21.25698,21.27502,21.27538,-3e-05,STAR
24.72038,21.50532,19.88653,18.98345,18.55427,0.5081,GALAXY
24.52818,22.40487,20.72576,19.80544,19.28533,0.55888,GALAXY
18.51349,17.00883,16.46044,16.24644,16.15687,-0.0001,STAR
20.71255,18.68064,17.51967,17.01061,16.67821,0.15711,GALAXY
19.97471,18.76276,18.24466,18.02051,17.92069,0.00028,STAR
18.98904,18.05894,17.59908,17.40492,17.30419,-0.00082,STAR
24.14835,22.63227,22.076,21.66283,21.6502,0.95797,GALAXY
21.52618,20.1674,19.21954,18.79792,18.41873,0.26388,GALAXY
17.72813,16.5079,15.89349,15.50392,15.26675,0.06397,GALAXY
25.26225,21.95657,20.75827,19.9529,19.84911,0.51299,GALAXY
26.15458,21.45413,19.85754,19.09273,18.7413,0.38045,GALAXY
19.13968,18.20562,17.85044,17.73057,17.69069,0.00082,STAR
21.33049,19.23749,17.7561,17.17668,16.78143,0.24533,GALAXY
17.75826,16.6604,16.25236,16.02594,15.91053,0.03846,GALAXY
18.79859,17.94507,17.73359,17.68381,17.54969,0.01555,GALAXY
23.01213,21.86565,20.44709,19.67268,19.15722,0.26958,GALAXY
22.60793,21.97197,21.13968,20.203,19.66351,0.50244,GALAXY
25.89026,20.81238,18.98388,18.38849,17.96424,0.33633,GALAXY
23.66623,21.46025,19.74733,18.76491,18.23895,0.47792,GALAXY
21.00897,19.94038,19.4281,19.2132,19.07769,-0.00093,STAR
21.84673,21.10771,20.76915,20.81149,20.45939,-0.0005,STAR
21.83391,21.35012,20.7507,20.51732,20.13309,0.32624,GALAXY
21.89996,21.83215,20.7244,19.75205,19.53559,0.56584,GALAXY
20.01883,17.56591,16.21468,15.31388,14.84501,-0.00046,STAR
24.50315,22.42041,20.94157,20.06563,19.73827,0.46819,GALAXY
20.99657,18.94558,17.82341,17.36242,16.98203,0.14384,GALAXY
24.24025,22.8122,21.91517,21.34754,21.6117,0.74205,GALAXY
19.64144,17.83827,17.0225,16.68738,16.43377,0.09705,GALAXY
19.54493,17.81164,16.7917,16.29414,15.87993,0.0948,GALAXY
23.38434,22.57579,20.77931,19.82982,19.43713,0.48333,GALAXY
22.91981,20.90518,19.32719,18.37082,17.91412,0.51509,GALAXY
19.29195,19.1272,19.03992,18.76714,18.73874,1.88289,QSO
21.69807,21.28172,21.25847,21.167,21.08117,2.34804,QSO
18.92543,18.54969,18.41133,18.29391,18.1516,2.08614,QSO
22.87135,22.24579,20.4999,19.58892,19.24422,6.70898,QSO
24.08259,21.94147,20.31143,19.11075,18.59525,0.61989,GALAXY
19.22428,17.61857,16.94491,16.67075,16.5162,-0.00046,STAR
21.96587,21.79166,21.30554,21.01389,20.65911,1.49923,QSO
21.48622,20.94662,20.65059,22.54016,20.10672,0.71393,QSO
23.13881,20.92891,19.04935,18.19814,17.777,0.46728,GALAXY
20.03567,18.13387,17.08548,16.61987,16.22891,0.11039,GALAXY
19.65691,19.10667,18.89636,18.64155,18.66816,0.61839,QSO
19.03324,17.06952,16.08401,15.60879,15.28432,0.09244,GALAXY
22.97873,23.87115,22.51802,21.76759,22.13041,0.70414,GALAXY
19.12323,17.32465,16.29755,15.75051,15.32871,0.11308,GALAXY
24.15213,22.62304,20.91792,19.48718,19.11782,0.66003,GALAXY
19.79533,18.36917,18.30263,18.30427,18.26,-0.0005,STAR
21.86815,21.36444,21.21037,21.20357,20.87002,2.31009,QSO
24.85868,21.23378,19.35569,18.40407,17.9414,0.49143,GALAXY
22.48149,21.65651,19.91304,19.04872,18.73284,0.47379,GALAXY
18.41697,16.6162,15.77298,15.34643,15.02949,0.0771,GALAXY
25.00741,22.49445,20.54968,19.50842,18.93614,0.51105,GALAXY
22.21307,21.78401,21.391,21.34777,21.44445,2.05649,QSO
21.71027,20.87718,19.56503,18.80988,18.49651,0.51095,GALAXY
23.03257,22.3237,21.06017,19.88239,19.41503,0.59809,GALAXY
23.04696,21.50984,20.06869,19.1281,18.87295,0.6288,GALAXY
22.06454,19.56536,18.05504,17.4825,17.17399,0.26355,GALAXY
24.11031,22.75114,21.30018,20.00216,19.3565,0.66936,GALAXY
19.6306,18.10066,17.18586,16.70607,16.34577,0.12945,GALAXY
18.82808,17.41517,16.73973,16.37609,16.12077,0.07484,GALAXY
24.61937,22.74943,21.33821,19.97419,19.19174,0.70518,GALAXY
20.22675,19.71702,19.58489,19.56057,19.30385,2.22167,QSO
22.33555,21.78399,20.71398,19.8269,19.49851,0.60725,GALAXY
26.08122,22.58356,20.69714,19.56143,19.07071,0.52,GALAXY
21.75155,21.75826,21.38395,21.32172,21.47583,1.34163,QSO
19.48551,17.5313,16.52631,16.06929,15.69854,0.09922,GALAXY
23.35085,22.71597,22.14423,21.37882,21.43445,0.85815,GALAXY
20.38706,20.01793,19.63107,19.50154,19.29509,0.9765,QSO
23.52946,20.44998,18.79211,18.22458,17.80058,0.34633,GALAXY
17.79234,16.91484,16.61612,16.52512,16.48252,3e-05,STAR
20.33222,20.15136,20.09922,19.83105,20.13083,1.62612,QSO
24.85968,22.5873,22.44559,21.34626,21.92059,0.87465,GALAXY
19.86134,18.21495,17.17869,16.66892,16.28145,0.14421,GALAXY
17.50308,15.9521,15.28402,14.99906,14.85457,0.00035,STAR
21.96284,21.0355,21.18567,20.70291,20.46721,2.22515,QSO
24.03283,20.87329,19.39944,18.61438,18.18322,0.00011,STAR
19.46681,19.12138,19.33224,19.55344,19.80355,0.0,STAR
25.9214,23.78906,21.56857,20.39493,19.70933,0.68902,GALAXY
26.51388,22.34529,20.70689,19.7175,19.34068,0.54598,GALAXY
25.76999,22.29107,20.45383,19.46386,18.94562,0.49681,GALAXY
24.99443,22.32878,20.71303,19.80663,19.36405,0.48634,GALAXY
25.50882,22.58392,20.79118,19.31428,18.73136,0.69714,GALAXY
24.26912,22.29048,21.06061,20.03709,19.70516,0.57231,GALAXY
18.60575,17.29577,16.77875,16.60748,16.5373,-0.00016,STAR
24.14641,22.56229,20.74409,19.80383,19.29965,0.56248,GALAXY
24.83504,23.63569,22.83503,22.07402,21.62652,0.93204,GALAXY
22.84905,22.23168,20.32348,18.99088,18.17968,3e-05,STAR
19.81865,18.12906,17.25931,16.87178,16.57338,0.08146,GALAXY
22.35309,22.83009,21.85594,20.78698,19.91329,0.7608,GALAXY
22.74838,21.82448,21.77769,21.85751,21.009,2.68427,QSO
26.01002,22.84572,21.4276,20.32119,19.66406,0.55114,GALAXY
21.8367,21.37989,19.6151,19.33362,19.2564,-0.00012,STAR
26.57392,24.48682,21.77896,20.44196,19.51089,0.83327,GALAXY
19.75604,18.81175,18.5028,18.36147,18.35043,-0.00092,STAR
23.55366,22.35813,20.8894,20.02644,19.46511,0.58029,GALAXY
23.07394,22.53837,20.40479,19.36933,18.93841,0.54122,GALAXY
18.45036,18.14062,18.19143,18.18892,18.09777,0.70903,QSO
22.47569,21.97317,20.07461,19.08737,18.59129,0.53824,GALAXY
24.99315,20.99157,19.18217,18.49128,18.09865,0.38199,GALAXY
22.02237,20.1303,18.40188,17.78819,17.40109,0.33397,GALAXY
25.89417,23.1729,21.45626,20.34622,20.51959,0.53808,GALAXY
19.82281,17.81144,16.94959,16.45068,16.11989,0.07668,GALAXY
23.45205,22.62776,21.07823,19.94617,19.23291,0.66927,GALAXY
22.31592,22.02448,20.49733,19.51783,19.26793,0.50843,GALAXY
27.23091,22.84315,21.21622,20.03402,19.31456,0.64242,GALAXY
27.20985,22.57398,20.96248,19.49643,19.06724,0.73464,GALAXY
22.01566,21.69732,21.34121,21.37539,21.12056,1.09447,QSO
24.14937,21.03869,19.26026,18.52106,17.97175,0.38502,GALAXY
24.08904,22.45014,21.98432,20.72641,19.90376,1.22765,QSO
19.49822,18.38141,18.37012,18.42896,18.47567,4e-05,STAR
20.97015,20.26227,19.88546,19.83414,19.55378,2.35178,QSO
19.84987,18.42339,17.526,17.05943,16.78588,0.16874,GALAXY
20.44483,18.49906,17.69522,17.39093,17.23728,-2e-05,STAR
23.60574,22.73363,20.95205,19.8315,19.16641,0.62022,GALAXY
23.77697,22.64611,20.74992,19.94109,19.584,0.41218,GALAXY
27.34983,22.84106,20.51777,19.1097,18.6056,0.7313,GALAXY
22.97395,21.93051,20.38665,19.44102,18.99423,0.57367,GALAXY
22.49124,21.92886,20.6799,19.52902,19.15359,-6e-05,STAR
22.01805,21.76006,20.81411,19.86133,19.50564,0.68126,GALAXY
17.48336,16.52936,16.1301,15.97442,15.91324,-0.00056,STAR
18.12741,17.0871,16.69504,16.40815,16.29994,0.06912,GALAXY
22.0731,22.08813,21.72338,21.64528,21.13321,1.16308,QSO
23.44325,21.65083,20.24077,19.23677,19.17543,0.54834,GALAXY
25.45994,22.58826,20.39046,19.5315,19.45148,0.43963,GALAXY
20.7233,18.83592,17.61536,17.10375,16.74356,0.18889,GALAXY
20.15108,21.09383,19.34737,18.12916,22.20082,1.72812,QSO
22.76575,21.76682,20.10975,19.28265,18.57164,0.43581,GALAXY
19.97279,18.31905,17.39352,17.00934,16.67845,0.12249,GALAXY
24.13498,21.90633,21.44454,21.16361,21.01933,-0.00094,STAR
22.95651,19.82764,18.28434,17.70431,17.3427,0.27756,GALAXY
24.15856,21.287,19.34523,18.60585,18.29132,0.38302,GALAXY
24.45499,24.13874,22.02809,20.665,19.80454,0.75807,GALAXY
18.75258,17.40914,16.80268,16.50111,16.38585,0.12589,GALAXY
18.65665,17.34854,16.8032,16.49589,16.25501,0.05062,GALAXY
21.48288,21.3747,21.46237,21.24629,21.15542,1.51851,QSO
20.92007,19.53954,19.03895,18.75341,18.82679,0.08498,GALAXY
21.84624,21.96482,21.72062,21.3707,21.14725,1.69391,QSO
19.85523,18.36147,17.58707,17.2601,16.97594,0.10153,GALAXY
22.30424,19.64128,18.24441,17.3037,16.78134,0.00016,STAR
21.57678,21.01709,20.69241,20.38409,19.87404,0.48198,QSO
24.27075,22.87244,21.27278,20.16217,19.76686,0.57503,GALAXY
23.55372,21.67699,19.95668,19.15467,18.91324,0.42054,GALAXY
23.57421,20.82453,19.23316,17.1938,16.07148,0.0001,STAR
20.42344,18.52562,17.2506,16.72189,16.34569,0.17998,GALAXY
22.67082,21.86554,20.89818,20.45174,19.90958,0.37832,GALAXY
21.02998,20.61106,20.11868,19.79278,19.81621,1.67955,QSO
21.24494,21.22409,21.11808,20.73047,20.34067,1.76603,QSO
24.59141,21.42734,20.09474,19.33127,18.8689,0.5033,GALAXY
21.05556,20.39044,20.2146,19.85847,19.74908,0.61977,QSO
25.77016,23.00054,21.21939,20.19684,19.5071,0.57081,GALAXY
24.40975,21.85507,21.63293,21.47011,21.17511,1.28058,QSO
25.39767,22.278,20.78553,19.67852,19.09706,0.58731,GALAXY
23.02545,22.42909,21.63512,20.88041,20.62373,0.70353,GALAXY
21.06567,20.11875,19.75568,19.50891,19.58507,0.06855,GALAXY
21.42428,18.74568,17.38371,16.06286,15.3525,3e-05,STAR
22.98823,22.81561,21.36207,20.24606,19.47551,0.61279,GALAXY
25.29842,20.95361,19.19373,18.52225,18.1117,0.41951,GALAXY
19.41585,18.54848,18.25692,18.12146,18.1287,-0.00015,STAR
25.76833,21.25492,19.34584,18.6487,18.1452,0.40017,GALAXY
21.85535,21.08778,20.37616,20.05841,19.59282,0.28796,QSO
26.15361,21.22215,20.12228,19.31338,18.99112,-4e-05,STAR
22.23215,21.30989,21.14216,21.02019,20.59041,-0.00119,STAR
18.8276,17.37519,16.79883,16.54083,16.41029,-9e-05,STAR
22.58512,21.59398,21.34469,21.28497,20.81254,-0.00031,STAR
22.62704,21.97937,22.04803,21.9185,20.88251,2.21887,QSO
22.60848,21.63935,21.4852,21.05799,20.9865,1.87715,QSO
22.97044,22.47499,22.21699,21.53163,21.73816,0.84362,GALAXY
18.57816,17.32386,16.87677,16.62457,16.57255,-0.00011,STAR
19.06725,18.13272,17.82923,17.69217,17.66168,-0.0004,STAR
17.38068,15.56352,14.65101,14.18578,13.83426,0.03073,GALAXY
20.82405,19.21899,18.62873,18.43655,18.44691,0.00015,STAR
20.3508,18.14601,17.21548,16.82181,16.59597,-1e-05,STAR
25.68307,24.72445,23.99218,21.15828,19.49548,-2e-05,STAR
19.81937,19.24093,18.82871,18.82851,18.77151,1.16674,QSO
24.13449,21.91036,20.37416,19.61584,19.15705,0.47108,GALAXY
19.37807,19.05975,19.06641,18.95803,19.10008,0.65397,QSO
17.73222,16.82165,16.59566,16.47329,16.35804,0.02815,GALAXY
22.70639,22.04873,20.48136,19.26656,18.59693,0.71809,GALAXY
20.98452,19.43623,17.82281,17.15899,16.62,0.22877,GALAXY
20.08621,19.01979,18.98422,19.01298,19.11868,-0.00028,STAR
20.35957,18.58451,17.64995,17.2343,16.90368,0.12778,GALAXY
22.79659,21.22454,19.15824,18.42968,17.93649,0.38839,GALAXY
20.19086,19.36579,19.05536,18.92758,18.85094,-0.00024,STAR
20.38708,18.62177,17.52213,17.05884,16.73866,0.14028,GALAXY
22.0713,20.3513,19.72709,19.47045,19.3618,-0.00051,STAR
16.13468,14.97551,14.71313,14.65502,14.66892,3e-05,STAR
24.67049,22.69716,20.92922,19.67669,19.19036,0.55354,GALAXY
23.46979,22.28551,20.47426,19.51698,19.03656,0.55094,GALAXY
22.08732,22.24025,22.6856,21.61401,20.87147,0.87292,GALAXY
18.96456,18.05335,17.7558,17.63421,17.58469,-0.00091,STAR
19.20997,18.8972,18.81041,18.93487,18.85936,0.81527,QSO
19.56727,16.96374,16.08219,15.80668,15.63121,-0.00026,STAR
25.63957,23.26827,21.53896,20.54552,19.89232,0.5489,GALAXY
25.42974,21.55044,20.03142,18.86012,18.07475,0.63888,GALAXY
26.79071,22.8291,21.05563,19.87668,19.36736,0.65986,GALAXY
23.20142,21.65676,20.38945,19.48816,18.9276,-0.00017,STAR
24.26392,18.97556,17.63143,17.09165,16.7584,0.21224,GALAXY
24.15866,21.79942,20.03999,19.40929,19.10342,0.34071,GALAXY
21.54893,20.79049,19.58626,18.85974,18.47883,0.47589,GALAXY
23.30772,22.61143,21.23337,20.21098,19.70551,-0.0002,STAR
25.11312,21.62822,19.88428,19.08967,18.74614,0.49516,GALAXY
21.3341,20.38821,19.6932,19.40888,19.1855,0.2519,GALAXY
24.99753,22.20735,20.5139,19.59202,19.34226,0.53027,GALAXY
19.10983,17.82879,17.23422,16.96148,16.84543,-4e-05,STAR
24.03436,22.92328,21.58644,20.56592,20.2375,-0.0005,STAR
20.52957,18.51746,17.4991,17.09163,16.72886,0.1183,GALAXY
18.96193,17.77337,17.37391,17.13887,16.94978,0.0345,GALAXY
23.69628,22.07935,20.46819,19.02186,18.23098,-6e-05,STAR
23.54873,20.77683,19.20129,18.22792,17.64319,0.00025,STAR
23.19784,22.05008,20.42264,19.31805,18.76337,0.5674,GALAXY
21.38545,21.10286,20.72098,20.5635,20.30969,1.19833,QSO
20.25601,18.39483,17.3861,16.86302,16.38441,0.12813,GALAXY
23.16937,22.34364,20.34443,19.4642,18.8768,0.55525,GALAXY
21.77913,20.17774,19.96038,19.84286,19.79006,-0.00086,STAR
24.38022,24.35476,22.1654,20.89564,19.53996,0.80197,GALAXY
19.44943,17.80085,16.94937,16.46203,16.09022,0.0757,GALAXY
26.11527,22.05342,20.27474,19.42055,18.99159,0.50384,GALAXY
26.62594,22.54315,20.66165,19.52366,18.95123,0.54253,GALAXY
20.85312,20.32917,20.16683,20.23059,20.19608,1.6993,QSO
22.10259,21.57217,19.67104,18.96227,18.52786,0.44237,GALAXY
24.21908,22.62679,21.918,20.74062,19.79796,0.80446,QSO
17.88797,16.95038,16.6741,16.57658,16.52916,-0.00016,STAR
20.21325,18.17213,17.18183,16.76631,16.42673,0.10435,GALAXY
23.08309,23.8536,21.59654,20.36741,19.6409,0.74044,GALAXY
23.81251,21.75874,20.16733,19.13461,18.45451,3e-05,STAR
21.31552,21.08603,20.9124,20.68639,20.43727,2.1644,QSO
18.70454,17.84354,17.56318,17.44814,17.41678,-0.00047,STAR
22.89181,23.06632,22.20458,22.22802,20.97666,0.8556,GALAXY
19.30216,18.19705,17.85743,17.64679,17.55009,0.09406,GALAXY
19.27303,16.93624,15.9748,15.45229,15.05809,0.05935,GALAXY
22.15321,19.92492,18.49181,17.34794,16.74038,-0.0,STAR
20.8007,18.66077,17.30935,16.81357,16.44836,0.20004,GALAXY
23.70738,21.62781,19.80976,19.18529,18.63022,0.41794,GALAXY
23.17758,21.93495,20.24599,19.44856,18.92505,0.45515,GALAXY
18.46072,17.53181,17.18874,17.07442,17.02964,0.00078,STAR
23.57685,21.54225,20.18045,19.39169,18.8327,0.5053,GALAXY
23.27919,22.43561,21.06779,20.57362,20.10909,0.0003,STAR
24.12837,23.09256,21.27145,20.44072,19.6513,0.512,GALAXY
20.41823,18.32357,17.17081,16.70016,16.38549,0.16961,GALAXY
22.64969,22.7087,22.14712,21.78544,21.86215,0.66145,GALAXY
20.69727,20.00488,19.7574,19.63135,19.41086,2.76298,QSO
21.73676,20.13051,18.48315,17.87482,17.5344,0.32705,GALAXY
23.34928,22.46964,20.84641,19.71733,19.09113,0.57567,GALAXY
18.77211,18.70597,18.42469,18.39548,18.46054,1.21216,QSO
19.23466,17.78218,16.82609,16.36818,16.03123,0.13201,GALAXY
19.81232,17.82671,16.74691,16.28907,15.92762,0.1287,GALAXY
20.06088,19.54667,19.22882,18.89069,18.86821,0.12854,GALAXY
18.87935,16.35947,15.11762,14.54097,14.17659,0.0,GALAXY
20.17412,18.59201,17.94661,17.68371,17.55713,0.00011,STAR
22.86454,22.22422,20.43513,19.39302,19.01213,0.58898,GALAXY
21.48437,21.29258,21.11038,20.87349,20.79907,2.00602,QSO
20.0855,19.08258,18.59361,18.37213,18.2503,7e-05,STAR
24.89615,23.07983,20.38788,19.42871,18.99713,0.47626,GALAXY
22.16192,19.29768,17.82411,17.28342,16.96398,0.24333,GALAXY
21.34151,19.84016,19.26779,19.02121,18.94407,-0.00019,STAR
26.7399,23.64265,21.79944,20.52076,19.5166,0.79985,GALAXY
19.52098,19.26138,18.95205,17.97876,17.25269,-5e-05,STAR
18.6822,17.2454,16.70133,16.53303,16.43355,-0.00028,STAR
24.35615,22.4966,21.13162,20.27078,19.72885,-2e-05,STAR
21.55792,20.48804,20.00939,19.78386,19.75306,-3e-05,STAR
22.7405,21.57176,21.61703,21.38116,21.37715,1.68236,QSO
23.39347,20.63195,18.88381,18.31007,17.86599,0.34203,GALAXY
18.84141,17.61509,17.23732,16.93454,16.76778,0.05544,GALAXY
23.60567,20.85404,19.38021,18.82761,18.48812,0.23375,GALAXY
21.71118,19.8487,18.22717,17.66534,17.35744,0.29689,GALAXY
20.16076,20.05686,19.73973,19.73073,19.59558,1.1589,QSO
22.6455,22.2102,20.54052,19.50199,18.89066,0.5597,GALAXY
22.11215,21.29867,19.50225,18.76324,18.53499,0.32341,GALAXY
21.21201,19.31712,17.76329,17.13728,16.82085,0.27534,GALAXY
24.86008,21.01506,20.45186,20.14474,20.08932,2.80562,QSO
23.42978,20.73148,19.63465,19.17596,18.96707,-0.00028,STAR
17.71646,16.67583,16.33986,16.04357,15.93533,0.07412,GALAXY
23.09716,20.96829,19.21852,18.55276,18.19265,0.36725,GALAXY
22.73896,23.12309,21.26159,20.21666,19.57807,0.61337,GALAXY
20.68453,20.47261,19.98567,19.8267,19.80709,1.28876,QSO
21.29894,20.61104,20.73951,20.75246,20.45098,2.44582,QSO
20.43215,19.94584,19.78525,19.80651,19.42198,0.79341,QSO
19.03247,18.96241,18.75151,18.84394,18.93683,1.33588,QSO
21.87633,21.01446,21.33881,19.9522,20.00765,0.78904,GALAXY
18.3595,17.20191,16.66797,16.3002,16.15274,0.0906,GALAXY
25.81242,24.59142,21.44681,20.32843,19.68504,0.71288,GALAXY
21.07244,20.70705,20.72239,20.65869,20.22453,0.8445,QSO
20.25752,19.32668,18.92007,18.77419,18.72772,0.00014,STAR
23.00721,21.92512,21.79118,21.84964,21.31897,2.40519,QSO
23.5442,22.08208,20.97241,19.97897,19.58374,0.59632,GALAXY
20.92876,18.9111,17.42606,16.87758,16.47661,0.22679,GALAXY
23.76342,22.84266,21.6363,20.55612,19.76355,0.5161,GALAXY
20.38467,18.64253,17.50439,16.94958,16.55542,0.18021,GALAXY
21.3571,20.3793,19.27974,18.82205,18.43412,1.00859,QSO
20.27067,18.42082,17.54169,17.14459,16.83012,0.07692,GALAXY
22.31704,21.92283,21.4341,20.31589,19.3415,0.82747,GALAXY
22.70156,20.78687,18.9713,18.38618,17.97704,0.35184,GALAXY
18.97553,18.85356,18.64748,18.54039,18.38881,2.06337,QSO
19.35518,18.46564,18.1306,18.02381,18.02779,0.00021,STAR
17.80301,16.14026,15.45291,15.06983,14.74585,0.05149,GALAXY
23.74085,25.03872,21.9698,20.71103,19.89537,0.77025,GALAXY
27.21814,24.31735,21.45924,20.32883,19.54922,0.83641,GALAXY
22.06586,20.50414,18.81301,18.17497,17.77524,0.41912,GALAXY
20.83262,18.57994,17.55332,17.04063,16.6259,0.11868,GALAXY
23.73488,22.99151,21.51305,20.32227,19.65438,0.67479,GALAXY
24.30125,22.91,20.81829,19.65365,19.17287,0.63571,GALAXY
24.99455,19.93823,18.36289,17.78189,17.39394,0.28318,GALAXY
17.82755,16.81594,15.92118,15.42802,15.08365,0.1294,QSO
22.25748,21.17924,19.42482,18.80683,18.36227,0.2808,GALAXY
22.93954,21.0807,20.90264,20.94457,20.75594,2.99313,QSO
22.68601,22.08933,20.73828,19.69943,19.6171,0.00026,STAR
22.882,20.99656,19.64984,18.85246,18.26034,0.59945,GALAXY
18.41973,17.49162,17.27705,17.1903,17.14694,-0.00015,STAR
20.69716,20.62676,20.51306,20.37655,19.94885,2.10598,QSO
19.20636,18.09391,17.65258,17.43535,17.3473,0.02763,GALAXY
20.49108,20.44903,20.10879,20.12108,20.066,1.32917,QSO
24.21841,23.23058,22.04343,20.76595,19.75931,0.83548,GALAXY
21.94779,20.1886,18.58318,17.98819,17.61713,0.29926,GALAXY
17.42938,16.40586,16.24846,16.21152,16.25588,-0.00018,STAR
19.57001,18.31608,17.49023,17.06614,16.76021,0.15714,GALAXY
23.51581,24.82609,24.04792,23.00606,19.9059,0.40706,GALAXY
20.0553,17.8534,16.83761,16.3668,16.02153,0.12245,GALAXY
23.12985,21.98639,19.93039,18.92156,18.29828,0.53486,GALAXY
19.89522,20.00509,19.50618,19.52165,19.49434,1.33015,QSO
21.73736,21.36342,20.67472,19.80196,19.59035,0.6709,GALAXY
24.90829,22.89972,20.82334,19.71019,19.34329,0.59195,GALAXY
20.85141,19.32074,18.67909,18.40015,18.23786,-0.00048,STAR
22.48066,20.62182,18.94633,18.14626,17.65832,0.45079,GALAXY
23.0641,21.96426,21.32236,20.74397,20.40012,0.75548,GALAXY
18.43643,17.00729,16.51525,16.31787,16.25576,-8e-05,STAR
17.12932,15.8928,15.97026,16.03606,16.05935,-0.00016,STAR
19.81619,18.68436,18.30579,18.16883,18.15615,0.00027,STAR
26.18486,22.004,20.2075,19.34836,18.86963,0.54201,GALAXY
23.54649,22.66001,21.9876,22.3211,22.1591,1.29715,QSO
20.27731,18.35107,17.43892,16.98398,16.68374,0.08384,GALAXY
22.08622,21.83929,21.53445,21.36042,20.7571,1.07383,QSO
23.02258,21.70915,19.85904,19.03606,18.50723,0.4879,GALAXY
19.65876,18.34041,17.36678,16.83989,16.54119,0.22068,GALAXY
22.00703,21.26451,21.39566,21.1067,20.69954,0.0447,GALAXY
19.26509,18.22012,17.82656,17.64138,17.58769,-0.00042,STAR
22.75771,21.6378,21.80234,21.63604,21.33744,2.25548,QSO
23.02479,20.3989,18.62723,18.01052,17.70501,0.33155,GALAXY
24.15158,21.75625,19.86602,18.98468,18.51876,0.47608,GALAXY
26.80156,21.88453,20.10795,19.13534,18.65692,0.51519,GALAXY
24.82052,19.80559,18.24579,18.76557,16.98822,-0.00013,STAR
18.14146,17.15492,16.77966,16.44195,16.30193,0.0809,GALAXY
23.06945,21.48657,21.48566,20.72369,21.18428,0.10907,GALAXY
21.86639,21.99562,21.79208,21.47376,21.68306,1.83265,QSO
22.93091,22.3928,21.8177,21.2058,20.48995,0.72991,GALAXY
17.52454,16.71686,16.44927,16.33547,16.19788,0.01231,GALAXY
23.60646,22.00155,20.48353,19.56451,19.1923,0.43743,GALAXY
26.31606,22.49361,21.13897,19.81764,19.3401,0.60267,GALAXY
23.48372,21.70625,21.15796,20.60114,19.93309,0.20629,GALAXY
18.48873,17.34033,16.94827,16.68617,16.4949,0.06471,GALAXY
19.60541,17.65602,16.68637,16.25762,15.91194,0.10467,GALAXY
22.03985,21.04303,19.18481,18.6255,18.30391,0.34214,GALAXY
21.80668,19.8929,18.35963,17.81999,17.44398,0.32467,GALAXY
19.9781,18.13535,17.29059,16.89692,16.61541,0.06634,GALAXY
22.93348,20.57471,18.853,18.21338,17.80852,0.32641,GALAXY
24.37306,23.37229,21.46522,20.43342,19.72379,0.63908,GALAXY
25.00642,22.36559,20.49693,19.52446,18.90511,0.50591,GALAXY
22.27982,22.55559,21.78318,20.6081,19.61696,1.33212,GALAXY
23.91279,22.1909,20.11188,19.24216,18.74936,5e-05,STAR
19.19691,19.08515,18.78264,18.6373,18.66471,1.43372,QSO
21.22266,18.71479,17.68428,17.21531,16.88717,0.14086,GALAXY
25.25448,20.07269,18.23974,17.618,17.30158,0.34273,GALAXY
23.78111,20.75414,19.08135,18.39653,18.04381,0.31071,GALAXY
23.00905,21.64976,21.4102,21.94964,21.0483,-0.00032,STAR
25.62371,22.70023,21.12361,19.93859,19.25019,0.62911,GALAXY
24.10351,21.90034,20.47746,19.635,18.97442,0.44308,GALAXY
20.58949,18.63689,17.51868,16.96221,16.53229,0.12204,GALAXY
21.6818,19.40721,18.14165,17.58568,17.25359,-0.00022,STAR
19.90223,18.45005,17.53295,17.05783,16.69414,0.13034,GALAXY
25.33758,23.40169,21.80617,20.72278,19.94542,0.0001,STAR
19.26882,17.95095,17.28672,16.85933,16.60707,0.09956,GALAXY
23.1873,22.48123,21.60886,20.608,19.85238,0.68588,GALAXY
19.14084,17.87035,17.16304,16.74435,16.46785,0.11726,GALAXY
20.54654,20.47861,20.17746,19.95999,19.95014,1.46456,QSO
24.41979,21.41673,20.16701,20.0034,19.90451,3.85758,QSO
24.24463,23.42281,21.90589,19.19571,17.598,4e-05,STAR
21.89893,19.46076,18.15051,17.51659,17.14398,7e-05,STAR
18.43122,16.59157,15.71745,15.32379,15.03403,0.06992,GALAXY
22.07921,19.85442,18.35452,17.7688,17.41529,0.34769,GALAXY
22.04947,22.11426,21.75022,21.67448,21.1844,1.24378,QSO
22.27161,21.87852,21.44882,20.68118,20.39198,0.82055,GALAXY
25.39666,22.87504,21.1161,20.09994,19.53577,0.57345,GALAXY
25.58828,23.03858,21.28583,20.14544,19.63635,0.70484,GALAXY
17.69327,16.7268,16.41096,16.31268,16.26822,-0.00043,STAR
19.93097,19.7618,19.58918,19.52922,19.49889,1.41202,QSO
18.79576,17.91674,17.70906,17.59594,17.50269,0.03019,GALAXY
24.29546,23.52126,22.07631,20.41378,19.43955,0.77487,GALAXY
20.82474,19.53122,19.32072,19.32393,19.24639,2.82291,QSO
25.93329,23.84709,21.6176,20.39073,19.39324,0.80837,GALAXY
23.84906,22.94456,20.8856,19.80684,19.2745,0.52182,GALAXY
24.92463,22.32488,21.10658,20.08227,19.70782,0.56248,GALAXY
22.90761,20.79073,20.47456,20.27179,20.01738,-0.00063,STAR
22.25647,21.86438,20.46967,19.50361,19.09926,0.0,GALAXY
21.35251,20.065,18.48712,17.78559,17.32667,0.26692,GALAXY
23.66154,22.65592,21.23108,20.01097,19.36831,0.65848,GALAXY
21.78055,20.94436,19.46692,18.63971,18.12049,0.50808,GALAXY
23.22681,20.92566,19.45586,18.56104,18.0128,-3e-05,STAR
26.05906,23.58194,21.5063,20.30222,19.58477,0.61251,GALAXY
16.79034,14.96549,14.16177,13.77506,13.51949,0.025,GALAXY
24.35646,23.1755,21.2556,19.9818,19.57979,0.6894,GALAXY
21.49467,21.20864,21.25883,21.14474,20.47957,2.10012,QSO
19.96846,19.65479,19.5159,19.39612,19.30749,1.80539,QSO
20.73097,18.5675,17.78878,17.42532,17.39352,0.00012,STAR
22.17963,21.4419,19.5042,18.84043,18.37815,0.45885,GALAXY
22.53365,20.3006,18.69559,18.1202,17.77781,0.3358,GALAXY
25.42036,21.38977,19.69773,18.74873,18.37995,0.50185,GALAXY
22.40627,23.2105,22.13235,21.02539,19.9425,0.93799,QSO
22.45957,21.14372,20.83606,20.7263,20.43436,-0.00077,STAR
25.77954,22.58214,20.63957,19.46815,18.88947,0.57761,GALAXY
21.85924,21.12469,19.35787,18.35966,17.92276,0.50748,GALAXY
22.30131,19.64232,18.11751,17.54573,17.15143,0.27182,GALAXY
18.50158,18.61536,18.67451,18.36013,18.34526,1.85632,QSO
22.94715,21.41792,21.31351,21.55297,20.81573,2.54873,QSO
23.0799,21.85029,20.34289,19.71831,19.30183,-0.00014,STAR
20.9323,20.43005,19.24534,18.73747,18.28498,0.46581,GALAXY
24.07246,21.25802,19.77192,18.8087,18.43073,0.51582,GALAXY
21.61609,21.17975,21.2186,21.25904,21.26245,2.31328,QSO
21.89937,21.33473,20.07303,19.28413,18.95086,0.52862,GALAXY
21.09929,19.25861,17.91342,17.39804,17.07936,0.22476,GALAXY
23.09121,21.57541,21.30617,20.99552,20.7915,2.25594,QSO
21.68559,21.21093,21.10402,20.83713,20.22072,2.06534,QSO
20.25704,18.40044,17.11345,16.6064,16.25886,0.17898,GALAXY
23.85739,22.60756,21.93616,21.43474,21.9951,0.8351,GALAXY
20.75258,19.59186,19.34771,19.3018,19.29264,4e-05,STAR
22.3033,21.58766,20.58022,19.68934,19.53492,0.19284,QSO
22.73525,21.13958,19.68331,19.18063,18.74558,0.22279,GALAXY
24.73005,24.03419,22.33013,20.77334,19.91203,0.8931,GALAXY
25.42488,22.72778,21.2156,20.0069,19.41409,-0.00051,STAR
19.86415,17.65301,16.7351,16.43347,16.27113,-0.00022,STAR
22.821,22.57212,20.38766,19.25348,18.8494,0.58174,GALAXY
24.40602,22.37976,20.05583,18.94959,18.49132,0.55043,GALAXY
25.61606,22.28989,20.79528,19.78824,19.26039,1.39914,QSO
23.88224,21.71729,20.52426,19.98494,19.70291,0.48446,GALAXY
20.02342,18.1622,17.24979,16.82957,16.50008,0.07645,GALAXY
22.75469,20.4342,19.03122,18.2579,17.85277,-0.00012,STAR
21.2056,20.28957,20.04089,19.94822,19.88351,0.00086,STAR
22.01347,22.57229,21.61694,20.47953,19.71007,0.86035,GALAXY
16.91526,15.70737,16.29868,14.77755,14.52986,-0.00031,STAR
21.48005,20.05754,18.42469,17.82616,17.36404,0.32558,GALAXY
20.31723,18.47321,17.62592,17.21668,16.83933,0.11795,GALAXY
25.65943,22.64153,20.96959,19.77814,19.13963,0.65844,GALAXY
17.69117,16.41891,16.45081,16.48464,16.51475,-0.00041,STAR
22.80603,24.24342,21.87859,20.52356,19.80699,0.59977,GALAXY
25.76863,21.88968,20.21131,19.32008,19.02657,0.51571,GALAXY
22.16616,22.32153,20.52772,19.32919,18.76717,0.66888,GALAXY
21.8889,21.80657,21.60177,21.49071,21.66318,1.00924,QSO
25.64511,22.93664,21.17543,20.06407,19.40638,0.53346,GALAXY
20.19734,18.38325,17.23755,16.74396,16.44143,0.17911,GALAXY
24.38956,23.53176,21.96379,21.04398,20.18474,1.20668,QSO
20.69126,19.42731,18.79167,18.44116,18.23026,0.11821,GALAXY
25.46746,22.94102,21.35552,19.95359,19.63019,0.73279,GALAXY
23.53683,21.84754,21.66731,21.29521,21.14429,1.29748,QSO
23.83006,22.1361,20.34634,19.44601,18.9466,0.49934,GALAXY
23.73149,23.27913,21.56807,20.67459,19.95034,0.60382,QSO
21.16993,20.28229,19.89682,19.88349,19.78906,-0.00072,STAR
17.66762,16.1028,15.33925,14.89227,14.54876,0.05355,GALAXY
19.49061,16.9621,16.05607,15.60658,15.24494,0.11053,GALAXY
20.25843,18.12559,17.04864,16.56693,16.18418,0.09875,GALAXY
20.44005,18.54744,17.7615,17.4579,17.30101,5e-05,STAR
25.46061,21.02351,20.35563,20.22233,20.01016,3.44722,QSO
21.78398,21.12506,20.61751,20.56853,20.43727,-0.00064,STAR
18.73288,17.65257,17.24385,17.11419,17.0475,-0.0,STAR
23.17728,22.4649,22.39877,22.27477,21.80754,2.59612,QSO
22.20679,19.47698,17.91439,17.32469,16.97926,0.25523,GALAXY
21.01163,19.77633,19.52854,19.47492,19.41763,-0.00041,STAR
22.50515,22.18067,20.96923,19.75677,19.0379,0.67922,GALAXY
20.73075,18.78105,17.82245,17.27075,16.76539,0.08185,GALAXY
26.09993,23.69103,22.2774,22.25795,22.50352,1.00283,GALAXY
19.0006,18.75791,18.58335,18.6138,18.20155,0.35146,QSO
22.06665,19.7399,18.20967,17.61647,17.30472,0.24645,GALAXY
18.89854,17.9437,17.67299,17.39111,17.39249,0.12435,GALAXY
23.529,21.32526,19.69767,18.72773,18.32527,0.46181,GALAXY
24.38936,22.35226,20.9644,20.00242,19.70063,0.51264,GALAXY
23.07996,21.87697,20.54434,19.80984,19.47399,0.4731,GALAXY
24.79679,22.35047,20.77426,19.97264,19.56348,0.47129,GALAXY
19.24614,18.36765,18.0493,17.94418,17.88992,0.00041,STAR
16.74164,15.7557,15.38398,15.25091,15.13692,0.02466,GALAXY
25.97408,22.03737,21.55634,21.6736,21.59699,3.26993,QSO
19.61026,18.70021,18.2647,18.13694,18.15678,5e-05,STAR
21.40564,21.19679,20.91732,20.73076,20.85273,1.23412,QSO
21.99012,22.02479,21.88028,21.88835,21.35823,1.49107,QSO
21.86381,20.19878,18.98311,18.55591,18.21914,0.0,GALAXY
22.5997,21.33471,19.51532,18.83437,18.37347,0.4024,GALAXY
23.6979,23.13566,20.9006,19.73143,19.20709,0.56453,GALAXY
21.8074,21.65023,22.30235,21.95208,22.08523,0.0592,GALAXY
21.67338,20.1732,19.22022,18.41342,18.18481,0.47382,QSO
25.45613,22.53707,20.60033,19.20942,18.70328,0.68446,GALAXY
22.52061,21.63227,21.41273,21.66388,21.1756,-0.00056,STAR
24.20841,21.38633,19.75544,18.8896,18.53702,0.5353,GALAXY
24.90856,20.04095,18.56156,17.95675,17.56451,0.25372,GALAXY
23.07047,20.73974,18.8779,18.16342,17.71735,0.36839,GALAXY
20.31378,18.9199,18.08877,17.56508,17.21795,0.11842,GALAXY
20.01995,18.61652,17.81234,17.3683,17.0567,0.178,GALAXY
19.88253,18.10428,17.15022,16.77095,16.46265,0.1474,GALAXY
19.67318,19.09532,19.0356,18.75802,18.66638,0.5104,QSO
20.49224,19.45454,19.13052,18.98966,18.86256,0.00088,STAR
20.72332,18.92485,17.88452,17.44958,17.1572,0.1478,GALAXY
20.52415,18.74814,17.87793,17.3794,17.03154,0.06455,GALAXY
19.85177,17.81376,16.80184,16.30758,15.93632,0.08425,GALAXY
23.79669,23.19706,21.70921,20.4975,19.87273,0.65547,GALAXY
19.7714,17.92839,17.05041,16.64957,16.35622,0.07369,GALAXY
21.44599,18.98399,18.13586,17.77468,17.92429,-0.00029,STAR
20.53343,18.17137,17.28662,16.98409,16.83309,0.0001,STAR
19.09542,17.7945,17.17409,16.79071,16.62515,0.10096,GALAXY
21.18817,19.04097,17.75134,17.20987,16.80099,0.19902,GALAXY
23.41342,20.73359,19.32173,18.10044,17.43279,-4e-05,STAR
20.45473,18.6852,17.94473,17.49838,17.18919,0.08947,GALAXY
19.36584,17.76053,17.0118,16.68111,16.49499,-0.00022,STAR
26.0765,23.66768,21.68513,20.31371,19.35694,0.71622,GALAXY
18.98698,17.69495,17.05483,16.71105,16.54312,0.07242,GALAXY
24.8784,22.2733,21.9906,21.21124,21.42044,0.87964,GALAXY
18.83308,17.81881,17.66764,17.49753,17.61142,0.00057,STAR
21.99208,21.71099,21.4733,20.80278,20.46365,0.72534,GALAXY
20.92854,21.10696,20.86466,20.84771,20.78951,1.28307,QSO
22.71065,20.42663,18.74533,17.9555,17.52089,0.43634,GALAXY
22.32265,22.18307,21.71092,21.08344,21.63628,0.75114,GALAXY
22.70281,19.94719,18.28508,17.63516,17.27489,0.3262,GALAXY
25.32199,24.25281,22.90826,22.44308,22.10175,0.78382,GALAXY
19.35066,18.50351,18.19659,18.10776,18.08645,0.00012,STAR
25.02152,21.38848,19.83651,18.93868,18.52362,0.51221,GALAXY
23.38848,20.17507,18.59403,17.97872,17.60025,0.25133,GALAXY
21.84068,21.53576,21.16611,21.01693,20.72912,1.04038,QSO
24.53088,23.17334,21.61934,20.51317,19.76299,0.81848,GALAXY
18.59605,17.35462,17.10585,17.03529,17.00114,0.00057,STAR
20.94579,20.86148,20.85706,20.57795,20.66726,1.93588,QSO
21.41066,19.25123,17.86983,17.31308,16.88922,0.21479,GALAXY
25.91169,22.38092,21.06639,19.60858,19.02775,0.7458,GALAXY
25.15526,23.1603,21.59181,20.42125,19.70163,0.62244,GALAXY
20.57382,19.36928,18.8744,18.69304,18.59141,-1e-05,STAR
22.25258,19.85592,18.57898,18.06718,17.74652,0.18668,GALAXY
21.44796,20.80918,20.05286,19.80911,19.6073,1.07839,QSO
18.83626,17.51688,16.83198,16.47132,16.1966,0.0396,GALAXY
24.63465,20.72404,20.02708,19.61506,19.76299,6e-05,STAR
22.26951,21.62838,21.26697,20.78659,21.2484,-0.00029,STAR
24.61059,23.0802,21.91366,21.16421,20.84983,0.8715,GALAXY
24.90512,21.0442,19.33714,18.58148,18.19515,0.38853,GALAXY
25.5146,23.08621,21.79417,20.49897,19.76777,0.62347,GALAXY
19.25271,18.95228,18.90055,18.98263,18.83129,0.75783,QSO
19.01665,18.00358,17.60659,17.37546,17.22416,0.03893,GALAXY
19.31249,17.80863,17.25933,17.06419,17.01742,-0.00023,STAR
24.53895,21.4284,19.56903,18.89111,18.34753,0.37525,GALAXY
24.4093,20.96355,19.49052,18.93291,18.64501,0.2509,GALAXY
24.78921,22.10189,20.42712,19.3012,18.82681,0.63075,GALAXY
22.47185,22.81507,21.57288,20.47504,19.72831,0.77726,GALAXY
22.31331,22.10395,20.64207,19.60463,18.91417,0.55182,GALAXY
22.21816,21.41013,19.77697,18.78728,18.29416,0.59172,GALAXY
18.03025,18.50459,18.98226,19.40875,19.90923,0.00047,STAR
20.21529,18.29205,17.24888,16.80587,16.4657,0.16126,GALAXY
22.5514,22.23471,21.0642,19.87306,19.56531,0.62447,GALAXY
24.56881,21.01817,20.39973,20.35695,20.12712,3.39563,QSO
20.58404,18.06457,16.84555,16.36956,16.05834,6e-05,STAR
23.50159,21.03555,19.14692,18.32937,17.88939,0.46478,GALAXY
10.99623,13.66217,12.35763,12.63744,11.30247,3.95559,QSO
18.02467,16.32683,15.47465,15.00274,14.57123,0.04182,GALAXY
19.57974,18.6183,18.24042,17.95239,17.8418,0.1154,GALAXY
21.21472,20.53673,19.99361,19.51492,19.14299,1.94816,QSO
23.5428,22.57392,20.80268,19.71441,19.18695,0.54885,GALAXY
24.27442,22.71472,20.51586,19.54889,18.86556,0.58356,GALAXY
24.45183,23.24954,21.79852,20.74961,19.9514,0.56825,GALAXY
21.65166,21.45679,21.53403,21.35748,21.73522,1.70077,QSO
24.54051,21.27357,19.73612,17.62631,16.53678,-4e-05,STAR
19.05427,18.16201,17.79855,17.66327,17.62474,-0.00105,STAR
22.27322,22.48248,21.21946,19.72003,20.362,0.61548,GALAXY
24.9014,22.0049,20.54208,19.74567,19.41671,0.42228,GALAXY
18.9909,17.96062,17.59412,17.42005,17.28307,0.02303,GALAXY
25.74586,24.02692,21.59313,20.30522,19.60255,0.72826,GALAXY
20.91859,20.42256,19.88969,19.1565,18.92447,0.7091,GALAXY
24.44057,22.25822,20.51439,19.63854,19.25486,0.42171,GALAXY
25.58367,22.0067,20.74842,19.39399,18.87671,0.62142,GALAXY
26.13984,22.49817,21.08329,20.12592,19.43772,0.46594,GALAXY
19.95504,18.55381,17.6109,17.17882,16.88338,0.19471,GALAXY
22.62377,21.27744,20.61595,20.19472,20.22593,0.00415,STAR
18.31086,17.36969,17.05256,16.93346,16.89001,-0.00182,STAR
24.01935,24.33638,21.84187,20.77286,19.93257,0.87523,GALAXY
23.40985,23.70524,22.01413,20.92743,19.91402,0.92723,GALAXY
22.4076,23.44118,22.454,22.28107,20.76265,0.73533,GALAXY
23.69417,23.65144,21.32653,20.13986,19.40354,0.73479,GALAXY
23.06988,20.86584,19.119,18.47325,18.13206,0.40142,GALAXY
21.45329,20.21426,19.66311,19.43226,19.37765,0.00017,STAR
20.92409,20.74237,20.72469,20.23939,20.46752,1.542,QSO
20.35352,20.17867,19.91567,19.95362,19.80911,1.03454,QSO
18.2525,16.33007,15.39439,14.91051,14.52592,0.02586,GALAXY
25.2826,25.34532,23.0876,19.80618,18.22917,-0.0001,STAR
20.10173,18.24456,17.32619,16.92235,16.63993,0.08876,GALAXY
20.66772,18.85131,17.57208,17.10409,16.71674,0.20253,GALAXY
18.72589,17.8062,17.52812,17.42942,17.4016,-0.00021,STAR
23.65902,21.8334,20.28098,19.67629,19.40566,0.00041,STAR
21.41297,21.22856,20.86275,20.45966,20.53885,1.85066,QSO
21.99814,21.35068,20.44223,19.54631,19.01901,0.66199,GALAXY
21.34716,20.4748,20.13653,20.04682,19.9201,2.27801,QSO
21.00065,20.74435,20.63397,20.41122,20.27835,2.00286,QSO
27.09911,20.57194,18.76809,17.90933,17.49097,0.46503,GALAXY
21.41262,20.45703,19.91311,20.15996,20.19951,-0.00038,STAR
20.52843,18.64936,17.67785,17.24958,16.83612,0.09991,GALAXY
21.64154,21.16591,20.55326,20.41712,19.90097,0.36686,QSO
25.94048,20.51192,18.738,18.13924,17.81955,0.32925,GALAXY
21.7335,21.17129,20.97298,20.84477,20.48431,0.7867,QSO
23.49826,22.63125,21.35193,20.24816,19.76464,0.57145,GALAXY
21.49995,21.36897,20.90844,20.65129,20.97774,1.1005,QSO
22.56449,22.54556,20.78441,19.73407,19.42067,0.52929,GALAXY
21.77474,19.55884,18.08012,17.51916,17.19732,0.25856,GALAXY
23.82679,22.12665,20.53302,19.62831,19.22166,0.4704,GALAXY
18.42736,17.08447,16.58495,16.40273,16.32946,-0.00025,STAR
24.38705,24.79004,21.81845,20.76192,20.0443,0.78173,GALAXY
22.18919,20.76449,19.06781,18.45572,18.03254,0.40134,GALAXY
20.8686,18.73492,17.48574,16.97266,16.53831,0.16327,GALAXY
19.39302,17.74958,16.95261,16.5379,16.2603,0.10888,GALAXY
24.86817,21.38651,19.83017,18.69812,18.10081,0.00025,STAR
22.32418,22.92241,21.06311,19.93444,19.55801,0.73288,GALAXY
21.68864,21.58488,21.61417,21.17856,21.22548,1.7321,QSO
21.39767,18.85563,17.50277,16.86561,16.52273,0.19694,GALAXY
21.48096,20.7228,20.62244,20.65545,20.47255,2.33893,QSO
20.16601,18.24516,17.05683,16.58887,16.25746,0.17122,GALAXY
21.41973,21.2734,21.11188,20.93831,21.10658,1.4048,QSO
22.07256,21.47352,21.55515,22.07471,20.90134,0.00012,STAR
24.47975,20.12947,18.49324,17.91956,17.56344,0.32688,GALAXY
21.91449,21.74368,21.82245,21.2961,21.09604,0.38055,GALAXY
20.53119,19.70189,19.00248,18.76226,18.6569,1.15204,QSO
23.07327,22.8177,22.52201,21.75478,21.60663,0.83887,GALAXY
21.82849,21.41646,20.69821,20.38548,20.14578,0.4192,QSO
22.47486,20.32913,19.12311,18.70011,18.40523,0.00014,STAR
24.76808,22.90292,20.92323,19.79768,19.31579,0.6524,GALAXY
19.85929,17.8131,16.71191,16.24766,15.85039,0.13312,GALAXY
20.40325,20.16137,20.13067,19.98225,19.75439,1.7063,QSO
25.58854,22.62038,20.88309,19.86242,19.47194,0.54962,GALAXY
23.11756,20.99948,20.67977,20.43163,20.4505,-0.00038,STAR
19.56296,18.61258,18.22949,18.05007,17.95434,-0.00107,STAR
26.22859,25.88386,22.39269,21.06524,20.12245,0.73865,GALAXY
22.69409,20.30404,18.61732,18.06298,17.6724,0.33556,GALAXY
22.75452,20.19301,18.37061,17.69489,17.32156,0.36685,GALAXY
23.75702,22.0328,21.08986,20.08664,19.73501,1.15486,QSO
21.56126,21.06862,21.03448,20.91778,20.73877,2.16207,QSO
19.253,18.25574,17.9126,17.79527,17.73932,0.00063,STAR
18.57592,17.27612,16.67132,16.31675,16.12581,0.06452,GALAXY
22.86442,23.08745,22.91488,21.36882,20.87302,0.85782,QSO
25.04982,22.15509,20.4949,19.67189,19.40631,0.4436,GALAXY
21.11772,20.46518,20.0505,20.05045,20.03146,-0.00067,STAR
20.31421,17.62813,16.09753,15.25984,14.79928,-0.00014,STAR
22.02782,21.67759,21.53703,21.24481,20.73888,1.93177,QSO
21.37084,21.79718,21.0423,21.09122,21.12644,1.31404,QSO
23.54018,21.15997,19.35438,18.71679,18.22013,0.35867,GALAXY
23.8576,21.39729,20.94287,20.64747,20.51921,-0.00021,STAR
22.22497,21.58227,20.54342,19.79795,19.39295,0.56839,GALAXY
19.34255,17.53779,16.67772,16.21266,15.88326,0.07917,GALAXY
22.71192,21.43736,19.94416,19.03961,18.63702,-0.00015,STAR
20.06322,19.98324,19.80403,19.5094,19.48817,1.9223,QSO
27.08033,21.37866,20.10154,19.24969,18.82974,0.48961,GALAXY
24.50855,23.36905,22.36495,21.4109,20.74788,0.88888,GALAXY
20.38073,19.76325,19.35285,19.19447,19.12136,0.2471,GALAXY
21.98033,21.46653,20.68184,19.80618,19.44194,0.76363,GALAXY
21.28077,21.02755,20.74521,20.74295,20.63463,0.78723,QSO
24.72643,24.39666,21.42011,20.11326,19.66065,0.57266,GALAXY
22.758,20.56696,19.31888,18.76683,18.35599,0.26659,GALAXY
25.93803,22.17421,20.51755,19.62088,19.07546,0.4694,GALAXY
20.58583,20.00028,19.97964,19.83722,19.57226,2.25606,QSO
22.43592,21.27319,19.48045,18.88089,18.53077,0.34278,GALAXY
16.53286,14.97672,14.42289,15.36685,14.18778,-0.00013,STAR
22.50002,21.25078,20.97569,20.79237,20.60522,-0.00054,STAR
17.4498,17.16278,16.90354,16.51114,16.47928,0.12997,QSO
23.08826,21.52884,20.40915,19.58495,19.18723,-4e-05,STAR
24.90417,24.19853,21.36449,20.35234,19.5701,1.07276,QSO
18.71461,16.80212,15.81246,15.34804,14.97747,0.08063,GALAXY
22.8795,20.18837,18.45867,17.8833,17.49039,0.3669,GALAXY
26.15851,22.75108,20.79743,19.69502,19.27877,0.56497,GALAXY
23.11075,20.3027,18.86207,18.17573,17.81854,3e-05,STAR
19.48183,17.7322,16.80482,16.30865,15.88894,0.11575,GALAXY
26.37213,24.57098,21.70497,20.59026,19.90443,0.76713,GALAXY
22.17932,20.35888,19.46329,19.10347,18.9011,-0.00026,STAR
22.49115,22.46054,20.74315,19.62966,18.86129,0.60374,GALAXY
21.16747,20.19414,19.90704,19.78436,19.8557,0.00065,STAR
22.2109,22.16148,21.84993,21.71088,22.42605,1.20081,QSO
20.50977,19.35494,18.85241,18.62476,18.59484,0.00042,STAR
25.99656,23.21646,21.02571,19.87942,19.37554,0.6203,GALAXY
21.51673,21.19688,20.27136,19.36704,18.73307,-0.00011,STAR
24.12657,23.33848,21.04188,19.75095,19.2327,0.68989,GALAXY
22.57285,22.00252,22.46422,20.63872,20.32437,0.47681,GALAXY
20.44366,19.54559,19.29029,19.18199,19.12,6e-05,STAR
24.41901,23.13749,21.22563,19.99835,19.35493,0.69764,GALAXY
21.93644,20.5043,18.8037,18.21072,17.80478,0.31634,GALAXY
17.84621,16.87904,16.56706,16.44958,16.43,0.0004,STAR
24.83292,22.01379,21.38731,21.38218,21.22006,1.05528,QSO
26.3719,22.31892,21.31912,21.35832,20.91249,0.35049,GALAXY
20.23845,19.36724,19.08458,19.03093,19.01379,-4e-05,STAR
23.08937,20.97982,19.37469,18.60962,18.22031,0.43355,GALAXY
25.35305,21.05624,19.47559,18.36892,17.95959,0.58873,GALAXY
26.23467,21.78947,20.15593,19.21997,18.8289,0.56389,GALAXY
22.12259,21.60556,21.3996,21.23907,21.19178,2.2037,QSO
24.31248,22.96882,21.93303,21.51311,21.20634,0.71793,GALAXY
21.52053,21.28737,21.08727,20.724,20.8358,1.90446,QSO
15.62139,13.73052,12.86339,12.41727,12.1256,0.02338,GALAXY
20.10491,18.38961,17.60415,17.2407,16.95444,0.05074,GALAXY
25.97334,23.83285,22.00487,20.59438,19.83604,0.70859,GALAXY
21.99689,21.4962,21.21492,21.24551,20.98479,2.30658,QSO
24.93191,23.54116,21.28467,20.20213,19.516,-0.00028,STAR
25.47291,22.54016,21.32255,20.42451,20.1983,-0.00053,STAR
19.08747,18.23643,17.97536,17.85682,17.82199,-6e-05,STAR
26.21378,21.68301,19.67923,18.84826,18.25773,0.40772,GALAXY
22.23981,20.68514,19.38027,18.82421,18.3264,0.33163,GALAXY
22.69435,20.94976,20.74756,20.57302,20.67732,-0.00031,STAR
20.36945,20.13651,19.94988,19.90028,19.81294,0.91681,QSO
25.41159,24.58447,21.73901,20.65537,19.94657,0.75145,GALAXY
20.67847,20.40666,20.34875,20.11422,20.03332,1.82687,QSO
22.86729,23.41009,22.28811,20.51643,19.67943,0.73544,GALAXY
25.07927,22.24051,20.71092,19.66625,19.22064,0.59238,GALAXY
24.28185,23.80652,22.63286,21.49444,19.95127,0.88295,GALAXY
19.27865,18.20169,17.86864,17.74117,17.75747,-3e-05,STAR
21.63173,20.73189,19.15354,18.46742,18.10697,0.37796,GALAXY
25.37864,23.29049,21.46529,20.18517,19.64419,0.62246,GALAXY
22.56382,22.45044,21.77823,20.72215,19.98787,0.7759,GALAXY
21.58982,21.28739,20.66124,20.17632,19.71093,0.43005,QSO
21.58351,21.39388,21.35507,21.38119,22.81239,0.01595,GALAXY
26.19439,23.61787,21.85212,20.79204,19.84767,0.78307,GALAXY
24.03844,24.68989,21.77061,20.45874,19.79426,0.62112,GALAXY
22.92022,21.00954,19.59976,19.01683,18.69919,0.2522,QSO
22.49512,22.05507,20.42612,19.5155,19.23921,0.46844,GALAXY
25.53817,21.18539,19.35728,18.76552,18.34922,0.38864,GALAXY
21.279,20.76043,20.57052,20.48467,20.64161,-3e-05,STAR
24.32116,23.5658,22.0519,20.65808,19.83307,0.76017,GALAXY
24.46847,23.592,21.6805,20.63587,19.89027,0.59009,GALAXY
21.81042,22.14495,21.55713,20.97985,20.31154,0.99681,GALAXY
26.23762,24.68935,23.0659,21.01547,19.79739,0.88058,GALAXY
18.77856,17.78171,17.25331,16.89709,16.71871,0.0969,GALAXY
20.86621,19.78507,19.36756,19.16165,19.10007,-0.00021,STAR
19.76455,18.43746,17.53891,17.09713,16.89611,0.15909,GALAXY
19.04761,17.06436,15.98365,15.46282,15.07768,-0.00025,STAR
19.06229,17.76546,17.23572,16.99797,16.88664,-0.00039,STAR
22.1926,20.66086,18.99433,18.26774,17.75527,0.3304,GALAXY
20.60267,19.35241,18.75092,18.5085,18.48084,-0.00014,STAR
21.68867,21.64431,21.42433,21.18985,21.35774,1.48288,QSO
22.71461,20.57001,19.062,18.10744,17.55121,-1e-05,STAR
20.15558,17.53382,15.76795,14.839,14.40933,9e-05,STAR
23.60503,23.14214,21.73245,20.67396,19.34988,0.77792,GALAXY
24.51997,23.01623,23.40568,22.35406,22.91117,0.15929,QSO
20.87429,19.68163,19.63706,19.54681,19.34645,0.0003,STAR
19.80785,19.57062,19.51958,19.19273,19.07469,1.83787,QSO
24.68098,21.98741,21.62933,21.63994,21.49823,-0.0008,STAR
17.57726,16.35472,15.90625,15.7381,15.70115,-0.00056,STAR
21.6376,20.92775,19.90693,19.24662,18.85451,0.46176,QSO
21.69646,21.24904,21.14761,21.29226,21.63225,-0.00033,STAR
23.02545,22.22446,21.26141,20.71968,21.08031,0.41929,GALAXY
23.01091,23.01162,21.43994,20.31011,19.61195,0.60617,GALAXY
24.83258,21.58497,19.97969,19.1335,18.77176,0.47763,GALAXY
22.5716,21.64297,21.29491,21.04293,20.67642,0.00057,STAR
23.27307,23.61174,22.884,21.79234,20.77369,0.84123,GALAXY
19.43248,18.7548,18.72721,18.6509,18.46288,2.56369,QSO
17.83672,15.85383,14.91461,14.40937,14.05212,0.02003,GALAXY
21.59811,21.379,21.20645,20.97938,21.16106,0.18443,GALAXY
21.62368,20.56437,18.89316,18.14744,17.67336,0.39955,GALAXY
22.55365,22.34595,22.2691,21.12546,20.61543,0.79883,GALAXY
20.88381,18.66716,17.60995,17.2099,16.84509,0.15256,GALAXY
19.89555,18.02942,17.0681,16.60685,16.2317,0.08339,GALAXY
23.19896,20.38473,19.63996,19.38412,19.35758,-0.00025,STAR
18.4219,17.32612,16.87404,16.57973,16.48934,0.09295,GALAXY
17.35617,15.8668,15.31289,15.11782,15.02716,-0.00022,STAR
19.70649,18.3494,17.91865,17.57501,17.46172,0.08761,GALAXY
22.18681,22.13861,21.59551,21.27836,20.90098,0.57344,GALAXY
25.17624,23.49205,20.58255,20.36403,21.04328,-0.00033,STAR
19.70661,18.23147,17.47643,17.00423,16.69145,0.08645,GALAXY
19.10875,17.70521,16.98401,16.53683,16.23284,0.07787,GALAXY
25.59147,22.77225,21.18487,19.99133,19.30613,0.59784,GALAXY
26.41941,22.2026,20.90947,19.71036,19.30544,0.72894,GALAXY
20.70806,19.56891,19.22142,18.56558,18.54453,0.18078,GALAXY
20.3247,19.81001,19.66504,19.58376,19.26912,2.16502,QSO
24.04717,22.16728,20.47736,19.56176,18.9943,0.52372,GALAXY
19.48516,19.27466,19.04119,19.07762,19.00655,0.98373,QSO
24.09603,22.61601,21.35859,20.05437,19.08327,0.82487,GALAXY
19.82864,17.86494,16.7424,16.29542,15.91757,0.13782,GALAXY
22.97248,22.73711,20.83062,19.77984,19.11276,0.55834,GALAXY
24.54991,21.94155,20.22273,17.94534,16.6747,3e-05,STAR
21.56225,21.19632,21.14902,20.84972,20.77285,1.67239,QSO
24.65595,21.56331,19.91724,19.12618,18.72039,0.42185,GALAXY
22.72029,20.71753,20.25225,20.01964,19.77948,-0.00051,STAR
21.92355,21.46048,21.32318,21.14779,21.09743,1.82677,QSO
19.33859,18.17183,17.70604,17.44308,17.34378,0.08236,GALAXY
20.2639,19.35558,19.04769,18.97243,18.96617,-0.00055,STAR
22.45075,21.45452,21.62259,21.75771,21.9355,1e-05,STAR
21.03488,19.18312,17.98622,17.49177,17.092,0.15705,GALAXY
24.39005,21.8785,20.19871,19.26532,18.85782,0.52197,GALAXY
25.67437,22.66652,21.13343,20.05494,19.55037,0.60449,GALAXY
21.29046,20.75431,20.74323,20.721,20.3292,2.57597,QSO
23.10741,21.54452,20.0998,19.30978,18.79122,0.45179,GALAXY
22.40932,20.55027,19.73485,19.4315,19.15507,0.00012,STAR
23.52598,21.49518,19.95951,18.90936,18.39269,0.54296,GALAXY
22.77085,21.34339,19.91959,19.38897,19.09147,0.41538,GALAXY
20.37792,19.57728,19.27477,19.15379,19.1597,0.00055,STAR
21.21036,20.03071,19.52662,19.31987,19.15787,-0.00012,STAR
20.67499,19.86842,19.77686,19.74236,19.43085,2.30891,QSO
23.06651,22.46945,22.79218,22.46061,23.37884,0.39322,QSO
26.79265,23.3409,21.93802,20.72428,19.83608,0.82861,GALAXY
22.14816,21.37481,20.74747,19.96791,19.99847,0.60357,GALAXY
23.54778,23.03062,22.30781,21.77427,21.05548,0.79886,GALAXY
21.60036,20.81203,20.36363,20.28985,19.97918,-0.00109,STAR
20.77045,18.68707,17.42488,16.93403,16.61101,0.20541,GALAXY
26.61895,21.71873,20.16027,19.23565,18.56283,0.46421,GALAXY
18.97871,17.5744,17.14967,16.867,16.61525,0.03818,GALAXY
18.71282,17.69207,17.34379,17.21483,17.16226,-0.00039,STAR
23.33735,22.64027,21.10182,19.8632,19.51692,0.5652,GALAXY
25.56011,22.41193,20.64534,19.53649,19.20126,0.61201,GALAXY
22.33394,20.74912,20.72044,19.99847,22.23887,0.00013,STAR
26.90393,23.31265,20.96729,19.89939,19.50295,0.52711,GALAXY
22.525,22.05579,21.44275,20.9107,20.07086,0.68926,GALAXY
17.46644,16.12448,15.58121,15.38233,15.30198,7e-05,STAR
20.13704,19.77216,19.277,19.12245,19.0081,1.34822,QSO
21.94159,21.78427,21.61275,21.09301,20.8568,2.03393,QSO
20.36017,18.33892,17.1249,16.59945,16.21189,0.16023,GALAXY
23.50846,21.72131,20.11465,19.13376,18.68223,0.506,GALAXY
18.86287,17.85688,17.46029,17.24359,17.11671,0.06682,GALAXY
20.92903,20.64787,20.41623,20.03564,19.80289,0.47285,QSO
26.0686,21.87349,20.21255,19.42002,18.98488,0.29229,GALAXY
20.65753,19.70083,19.33392,19.20006,19.11687,0.00043,STAR
20.14086,19.1125,18.4889,18.1219,18.13742,0.2086,GALAXY
20.89034,20.71673,20.52395,20.54211,20.47751,2.17044,QSO
21.22602,20.82715,20.71201,20.30737,20.09329,1.7732,QSO
24.53959,25.03733,24.57431,22.42578,22.32625,1.17344,QSO
17.98346,17.85284,17.85216,17.64865,17.62711,1.68182,QSO
18.96255,16.71667,15.58836,15.04928,14.68361,0.10381,GALAXY
25.60087,22.06089,20.1704,19.26763,18.7454,0.56078,GALAXY
19.02166,17.9297,17.37835,17.00163,16.88589,0.07231,GALAXY
25.00283,22.61645,20.82801,19.91953,19.36446,0.56113,GALAXY
24.11045,21.63304,19.76642,18.96501,18.51674,0.42605,GALAXY
21.78919,22.53856,21.89905,22.10979,22.23881,1.16555,QSO
18.40093,17.43574,17.01281,16.82007,16.73215,-0.00013,STAR
20.48516,18.51505,17.5439,17.10214,16.77014,0.10253,GALAXY
22.43576,21.97809,20.32558,19.49897,19.06069,0.48204,GALAXY
23.37988,22.68406,20.81085,19.78117,19.35116,0.53178,GALAXY
25.77439,23.81642,21.72778,20.31003,19.62712,0.6708,GALAXY
23.61579,23.05587,21.28012,20.15334,19.63532,0.53953,GALAXY
19.71435,17.9688,16.69051,16.18912,15.83262,0.20424,GALAXY
22.28041,21.40953,21.11041,20.23217,20.45047,0.77307,GALAXY
21.4381,19.18678,17.81078,17.29269,16.94899,0.22564,GALAXY
23.98846,22.15525,21.79322,21.60003,21.19802,0.00358,STAR
24.32815,22.45272,21.59769,21.31203,21.04324,0.78444,GALAXY
19.42324,17.65389,16.56944,16.05019,15.61167,0.12645,GALAXY
22.63369,21.03518,19.21382,18.57478,18.21205,0.36178,GALAXY
20.26866,20.10304,19.94849,19.76422,19.66154,1.5101,QSO
22.52103,21.49751,21.14583,21.09354,20.8163,2.49364,QSO
19.41005,17.50356,16.56199,16.12243,15.77625,0.0743,GALAXY
14.97155,14.92837,14.93505,14.76249,14.91096,0.0,GALAXY
24.02104,22.47687,22.24806,21.64274,21.14719,1.06235,GALAXY
23.98545,21.25189,20.76536,20.68328,20.36814,3.37703,QSO
23.38225,22.23961,22.22989,21.07854,20.88457,0.71888,GALAXY
18.39694,17.17856,16.70697,16.51717,16.40317,-0.00082,STAR
23.46035,22.28184,20.34711,19.44987,19.1894,0.52408,GALAXY
25.06724,23.19921,21.37353,20.23181,19.96444,0.64701,GALAXY
23.68412,21.42635,20.51571,19.82188,19.44086,0.63442,GALAXY
24.83651,22.4736,21.04655,20.11498,19.54125,0.6256,QSO
23.58236,20.8261,19.10991,18.41079,17.99895,0.39688,GALAXY
22.07179,22.53798,20.39488,19.18328,18.5818,0.63921,GALAXY
18.639,17.45537,16.85887,16.46754,16.26568,0.05841,GALAXY
20.14833,19.8638,19.46642,19.22795,19.12147,1.47302,QSO
24.34118,21.6397,20.09064,19.01249,18.59968,0.52893,GALAXY
22.1088,22.28559,20.50743,19.46773,18.83339,0.54227,GALAXY
23.9481,22.33928,22.38416,21.41724,20.33179,1.01589,GALAXY
19.48547,19.40751,19.07944,19.038,19.18322,1.33034,QSO
14.31105,14.60824,15.10045,15.43381,15.74164,-0.00017,STAR
21.0345,20.3738,20.2258,20.17694,20.17633,2.45513,QSO
19.06108,18.88617,18.91963,18.89256,18.93858,-1e-05,STAR
26.44984,22.35537,20.57313,19.49534,19.11221,0.52865,GALAXY
20.85844,20.95043,20.87225,20.78356,20.65223,2.12989,QSO
20.03611,19.46892,18.915,18.59838,18.51628,0.1901,GALAXY
21.86666,22.07463,21.9727,21.5773,21.50557,1.89126,QSO
25.25467,23.70067,21.45729,20.08389,19.62686,0.70347,GALAXY
18.91594,17.88716,17.40418,17.2191,17.12911,0.00025,STAR
25.49863,21.47,21.1315,20.84567,21.0743,3.16646,QSO
25.60711,24.96272,21.71489,20.70175,19.84809,0.70011,GALAXY
24.85926,22.26488,20.39633,19.66953,19.44711,0.34241,GALAXY
24.9811,23.70632,21.47544,20.20201,19.43925,0.7586,GALAXY
20.54717,19.06991,18.47836,18.18666,18.33957,8e-05,STAR
25.5679,24.42546,22.04559,20.65713,19.90439,0.7175,GALAXY
23.72179,21.74582,20.21614,19.45602,19.00797,0.52594,GALAXY
21.46245,20.54387,20.64488,19.21279,18.43258,0.00016,STAR
24.45725,22.0289,20.49263,19.59972,19.17258,0.45952,GALAXY
19.18365,17.81343,17.10921,16.74621,16.52481,0.13355,GALAXY
22.15012,20.82963,20.30137,20.13907,20.07652,3e-05,STAR
25.26307,22.66389,20.60976,19.34857,18.94827,0.64419,GALAXY
23.86723,20.08559,18.50014,17.62758,17.11085,-0.00054,STAR
17.14729,15.61818,15.41421,15.62225,15.27046,0.0,GALAXY
22.59955,21.02378,19.52688,18.65291,18.18871,0.41595,GALAXY
23.09899,20.77815,18.9959,18.37809,18.01449,0.37023,GALAXY
19.91784,19.47327,19.37963,19.40161,19.18204,0.75543,QSO
17.42631,15.84181,15.09151,14.68825,14.42782,0.04789,GALAXY
20.25508,18.22842,17.16538,16.68123,16.31934,0.10187,GALAXY
20.09152,18.67167,18.14452,17.87814,17.90779,0.0,GALAXY
24.58572,23.41877,22.24736,21.14275,20.04815,-0.00073,STAR
25.514,21.02027,19.31526,18.62139,18.22352,0.40078,GALAXY
17.54584,15.86568,15.28648,15.11192,15.03278,-0.00016,STAR
20.56841,18.68187,17.77496,17.31563,17.01234,0.10326,GALAXY
22.55882,21.65899,19.98862,19.16997,18.57192,0.44874,GALAXY
24.30883,21.2887,20.74662,20.50136,20.49264,-0.00108,STAR
21.38115,21.48698,20.91219,20.79945,20.85523,1.38158,QSO
24.41769,21.38947,19.6,18.80812,18.21119,0.42223,GALAXY
19.87023,18.01749,17.04089,16.61708,16.32144,0.10811,GALAXY
23.0297,21.22845,20.95315,20.69724,20.53301,-4e-05,STAR
17.85868,17.38503,17.35282,17.28482,17.0417,2.26913,QSO
22.64567,22.17664,21.77923,22.06955,21.8635,0.98733,QSO
22.27438,20.94211,19.06905,18.44874,18.07415,0.39768,GALAXY
18.30297,16.97598,16.37658,16.02873,15.76864,0.07962,GALAXY
22.26755,20.28378,19.04102,18.52498,18.15817,0.14838,GALAXY
20.62691,19.60966,19.23499,19.12597,19.05624,-0.00023,STAR
24.22502,22.20491,21.65162,20.71354,20.14582,0.00023,STAR
20.48392,20.32183,19.98908,19.99051,19.7596,1.06006,QSO
18.08247,17.9026,17.63991,17.67699,17.69776,1.01251,QSO
22.99181,22.01562,20.40183,19.4248,19.09998,0.49831,GALAXY
24.50816,22.97156,20.97812,19.95831,19.44145,0.78667,GALAXY
23.01391,21.20125,20.90838,20.69736,20.68754,0.11341,GALAXY
22.34305,21.68663,21.04228,20.459,19.71934,0.84829,GALAXY
22.93823,22.57121,20.25786,19.0676,18.65916,0.60196,GALAXY
23.65119,21.88763,20.13135,19.17356,18.71068,0.51848,GALAXY
22.56844,22.28975,21.67708,20.92437,20.56617,0.71534,GALAXY
21.06008,19.18103,17.84713,17.32413,16.94834,0.19221,GALAXY
23.57081,20.98002,19.2897,18.66759,18.26627,0.35426,GALAXY
22.70795,20.20351,18.9918,18.42635,18.12919,-0.00012,STAR
20.73485,18.03411,16.75374,16.23353,15.95846,0.20112,GALAXY
20.87292,22.04621,18.79033,18.54908,19.47407,0.00013,STAR
23.7866,22.04613,20.51845,19.42607,19.09731,0.53405,GALAXY
20.88032,18.77173,17.53442,17.02889,16.66557,0.18022,GALAXY
25.39371,21.25776,20.07774,19.21395,18.56855,0.53199,GALAXY
19.54366,18.57868,18.20652,18.0334,17.96855,0.0006,STAR
19.33013,17.93591,17.22483,16.82141,16.55994,0.09579,GALAXY
22.34659,19.80186,18.16974,17.62141,17.25463,0.29389,GALAXY
21.16921,18.67796,17.7214,17.19946,16.77268,0.07578,GALAXY
22.46279,20.41471,18.80522,18.16691,17.71252,0.28568,GALAXY
24.70711,21.63739,19.80867,18.9318,18.49834,0.49511,GALAXY
23.01953,20.38568,19.07099,18.53959,18.14972,0.18235,GALAXY
23.25168,21.4863,20.30389,19.39477,18.92025,0.52584,GALAXY
22.28215,21.45528,19.66068,18.80602,18.43383,0.4858,GALAXY
19.41949,17.65078,16.77603,16.32698,16.01846,0.10793,GALAXY
23.84619,21.78328,20.12281,19.22591,18.85082,0.50544,GALAXY
22.56234,22.93561,20.98276,19.99082,20.03631,0.48793,GALAXY
21.18828,20.85412,20.71641,20.59598,20.83234,2.11868,QSO
17.68163,16.61902,16.26522,16.14259,16.13659,-0.00014,STAR
20.55953,20.07891,19.81676,19.84328,19.5702,0.89047,QSO
18.52677,16.67931,15.81046,15.375,15.00674,0.02539,GALAXY
21.17257,18.58859,17.04013,15.89078,15.25037,-1e-05,STAR
22.26657,20.7671,20.22759,20.08172,19.98396,-0.00039,STAR
22.39333,21.23479,20.81053,20.56824,20.22422,2.70076,QSO
22.44402,22.33838,21.67656,21.03877,21.37263,0.76392,GALAXY
19.54668,17.66073,17.05564,16.75664,16.52784,0.02349,GALAXY
22.50873,21.90872,21.78653,21.81237,21.05307,1.71498,QSO
17.29812,16.4097,15.9391,15.73886,15.51598,0.01697,GALAXY
24.15592,23.37027,22.46986,21.70447,21.67949,0.93303,GALAXY
24.15953,23.01809,23.21061,22.69567,21.54841,0.92028,GALAXY
19.4384,17.91501,17.10964,16.67887,16.37973,0.12345,GALAXY
20.08846,18.46301,17.37922,16.87034,16.5117,0.17066,GALAXY
24.65014,23.27131,21.10373,19.95478,19.61819,0.6188,GALAXY
22.19585,21.90941,21.74923,21.35447,21.45106,1.86151,QSO
21.69507,18.79003,17.42268,16.92055,16.5368,0.21306,GALAXY
21.3154,21.41201,20.91596,20.9199,20.68697,1.37468,QSO
22.98595,22.20728,21.99442,20.75504,20.04823,0.79628,GALAXY
18.62938,17.5427,17.12511,16.78201,16.71641,0.092,GALAXY
24.94109,21.45853,19.88231,18.90986,18.33619,-6e-05,STAR
22.74271,21.53985,20.54454,20.37749,19.96403,3.48687,QSO
20.73264,19.97645,19.69015,19.34414,19.46921,0.11524,GALAXY
22.00309,22.96416,21.29379,20.15579,19.14862,0.72851,GALAXY
24.3834,22.35019,20.44151,19.31421,18.76825,0.58034,GALAXY
21.66362,21.0324,21.13418,20.96533,20.58551,2.36123,QSO
23.63253,23.64964,21.69044,20.51525,19.66684,0.65589,GALAXY
20.49286,20.27345,20.10111,19.79478,19.62927,1.64202,QSO
24.8932,21.6995,21.22956,21.0911,20.61279,1.56654,QSO
22.31486,20.52426,18.79269,18.13945,17.6124,0.42289,GALAXY
26.57156,21.16232,19.82944,18.7288,18.13967,0.53501,GALAXY
23.88388,22.20827,22.09045,22.16191,21.85291,1.28507,GALAXY
24.88171,24.87792,21.81944,20.78988,19.93387,0.8121,GALAXY
22.29082,22.27239,21.82913,21.70362,22.13196,-0.00079,STAR
24.22482,22.52304,21.99744,21.38081,22.03833,0.92248,GALAXY
24.18534,22.29692,20.71472,19.76686,19.22025,0.52037,GALAXY
16.74684,14.8372,13.98411,13.58241,13.2994,0.03438,GALAXY
18.86874,18.70727,18.63914,18.44121,18.20344,2.14664,QSO
20.21334,19.76191,19.86413,20.01692,20.10354,5e-05,STAR
17.09099,16.2489,16.01568,15.92052,15.92652,-0.00053,STAR
23.19737,22.30694,20.50311,19.48908,19.03752,0.53048,GALAXY
24.42486,23.401,21.96519,20.78615,19.93725,0.80116,GALAXY
23.20227,23.23103,22.30982,22.00952,22.45511,-0.0002,STAR
23.22484,22.55327,20.64964,19.6823,19.44729,0.49834,GALAXY
20.00838,18.19807,17.6358,17.26318,17.08712,0.06904,GALAXY
22.16981,20.76893,20.48681,20.36866,20.19361,-0.00045,STAR
24.82299,21.91017,20.07367,19.16519,18.86999,0.43845,GALAXY
23.49089,21.91352,20.29486,19.3666,18.84345,0.51479,GALAXY
23.08997,21.92499,21.88513,21.58967,21.30636,0.09282,GALAXY
23.79471,19.48243,17.94063,17.34467,16.9518,0.28953,GALAXY
24.98212,22.40979,20.45127,19.39101,18.78225,0.57673,GALAXY
25.0478,23.59745,21.02803,19.7553,19.39243,0.598,GALAXY
22.39407,21.23698,19.53439,18.80598,18.37209,0.45189,GALAXY
21.55273,20.82451,20.55714,20.29532,19.95542,2.70827,QSO
22.19558,21.52846,19.59382,18.87168,18.45863,0.43349,GALAXY
22.72951,21.6693,20.84958,20.66643,20.37507,-0.00063,STAR
18.43839,17.38197,16.92441,16.74818,16.68972,-0.00012,STAR
22.17769,21.13041,20.85458,20.86976,20.3499,0.00069,STAR
21.92649,21.9538,20.69281,19.78451,19.13203,0.68694,GALAXY
16.74825,16.01857,15.77151,15.68539,15.60715,0.02087,GALAXY
22.09091,21.73795,20.25524,19.26357,18.79638,0.62922,GALAXY
24.15472,20.78563,19.79409,18.94863,18.55434,0.52073,GALAXY
23.90672,23.49527,21.20107,20.14553,19.74827,0.58868,GALAXY
22.48304,22.2107,20.2282,19.2586,18.75208,0.49268,GALAXY
25.13631,22.17409,20.80564,20.17243,19.7273,-0.00024,STAR
19.52781,17.49619,16.51204,16.035,15.67791,0.06912,GALAXY
19.03228,17.01462,16.03788,15.60375,15.24986,0.09923,GALAXY
18.09999,16.59683,16.08449,15.91341,15.83734,-0.0002,STAR
24.47564,24.633,21.94599,20.6311,20.48543,0.62984,GALAXY
23.91292,21.83559,21.56535,21.64127,22.06754,3.0022,QSO
25.50585,22.28354,21.35,20.95584,20.49272,1.69121,QSO
19.74216,17.85782,16.94319,16.52563,16.17763,0.08642,GALAXY
25.50846,21.45431,19.96092,19.20309,18.68763,0.33698,GALAXY
20.14418,18.03549,16.95201,16.49305,16.12734,0.11919,GALAXY
22.03646,21.35072,20.6039,20.34077,19.96196,0.20974,GALAXY
21.55548,20.04688,19.83863,19.75556,19.64412,2.93771,QSO
23.60966,21.86273,20.41546,19.37103,18.91251,0.52128,GALAXY
22.44919,22.29789,22.0923,21.70193,22.57025,1.15866,QSO
19.22141,17.89021,17.19252,16.73495,16.43417,0.05525,GALAXY
21.71838,21.44621,19.8336,18.84159,18.26011,0.47582,GALAXY
22.3377,22.29312,21.75887,20.89493,20.36595,0.75706,GALAXY
24.03083,22.38253,21.46109,20.51818,20.37705,0.72268,GALAXY
22.5033,22.58454,21.3072,20.14714,19.41553,0.61738,GALAXY
19.62501,19.48199,19.05179,19.01318,18.3061,0.32676,QSO
18.28124,16.86879,16.73063,16.72354,16.69971,0.00019,STAR
18.12315,16.92512,16.41964,16.22689,16.11032,-0.00047,STAR
21.31839,19.75746,19.14518,18.86786,18.80935,-0.00117,STAR
21.76941,21.18351,21.13855,20.8596,21.06577,1.61203,QSO
26.43527,22.7979,20.57334,19.4396,18.97397,0.61277,GALAXY
23.92938,21.90711,19.92954,19.11327,18.73252,0.4084,GALAXY
25.7103,22.76055,21.16202,19.70803,19.07168,0.67785,GALAXY
21.68758,19.32234,18.25662,17.82046,17.46365,0.15183,GALAXY
22.71173,21.28271,20.74206,20.63614,20.53833,-0.00017,STAR
19.41528,17.79084,17.14055,16.9263,16.8242,-7e-05,STAR
22.52819,22.04453,20.56142,19.68939,19.15048,0.5624,GALAXY
18.15396,17.23699,16.91828,16.76634,16.73904,0.00042,STAR
23.12221,21.70309,20.38868,19.48049,18.99986,0.47628,GALAXY
22.42159,21.63099,19.78364,18.92759,18.48017,0.46257,GALAXY
20.14112,18.43435,17.65487,17.2045,17.03101,0.09377,GALAXY
22.38569,20.50827,18.78572,18.20413,17.79688,0.36849,GALAXY
20.91253,20.30519,20.28182,20.17445,19.88342,2.48567,QSO
23.31444,23.29187,21.60628,20.35291,19.6222,0.59589,GALAXY
26.68123,23.26258,21.64208,20.26195,19.51459,0.70326,GALAXY
25.45646,21.83244,19.91912,18.83177,18.30123,0.54379,GALAXY
23.29459,21.82885,20.12599,19.10921,18.81542,0.50992,GALAXY
20.3019,20.05742,20.05615,19.9263,19.97268,1.58396,QSO
23.62615,26.05273,22.20818,21.11511,19.8245,0.84484,GALAXY
22.05512,22.3606,20.95675,19.65589,19.21662,0.67224,GALAXY
22.20843,21.43658,20.35511,19.61455,19.42216,0.48325,GALAXY
22.88061,22.32945,21.15917,20.20796,19.92523,0.69227,GALAXY
26.39713,22.87964,21.01753,19.67433,19.22171,0.67344,GALAXY
21.0351,20.35037,20.29045,19.95523,19.96549,0.58946,QSO
22.58329,22.0694,21.50917,21.36182,21.53475,0.28827,GALAXY
20.63881,20.29885,19.93002,19.63519,19.81278,1.48042,QSO
22.96602,22.97356,22.49097,21.61367,20.79399,0.92255,GALAXY
20.974,20.48832,20.56158,20.71763,20.69317,-1e-05,STAR
22.14717,21.93427,21.61483,21.31097,21.05897,1.54098,QSO
22.745,21.80729,21.09129,20.12921,19.56922,0.82267,GALAXY
21.95669,19.61245,18.13677,16.69246,15.92399,-0.00014,STAR
19.67226,17.79765,16.9437,16.45424,16.12059,0.08503,GALAXY
18.53896,18.53999,18.77007,18.94915,19.28052,1e-05,STAR
19.61548,19.49748,19.34256,19.18485,19.37046,1.2645,QSO
20.94444,18.8481,17.67747,17.19618,16.88009,0.17916,GALAXY
17.69965,16.24843,15.66747,15.41753,15.30518,-0.00032,STAR
22.17684,20.98144,20.82534,20.81855,20.60521,2.57884,QSO
18.57608,17.55729,17.16279,16.91282,16.79181,0.09787,GALAXY
19.9211,17.94928,16.98732,16.60816,16.21487,0.10638,GALAXY
23.58478,21.36592,20.2127,19.85918,19.77744,3.46733,QSO
25.36009,21.76391,20.2632,19.45175,19.04,0.44564,GALAXY
25.10034,21.65707,19.8494,18.97502,18.70084,0.50928,GALAXY
21.07207,19.28464,17.82644,17.27481,16.90188,0.23147,GALAXY
19.92872,18.68554,18.27922,18.10133,18.07319,0.00016,STAR
23.74076,22.85512,20.72088,19.38067,18.85647,0.66954,GALAXY
24.41383,21.86526,20.22254,19.20271,18.84192,0.6082,GALAXY
22.54246,22.74087,21.43154,20.36559,19.833,0.4604,GALAXY
21.55597,21.32596,20.94262,20.84415,20.78807,1.08303,QSO
20.60632,20.09134,20.1203,20.1712,20.12482,2.41319,QSO
22.5689,22.15924,21.80557,21.47924,21.05439,0.96991,QSO
24.46527,23.95002,20.88076,20.38285,22.05342,0.12716,GALAXY
25.91926,21.83493,20.128,19.28946,18.94213,0.4501,GALAXY
19.48912,18.48544,18.0572,17.8843,17.82184,-0.00017,STAR
20.11927,18.06317,16.91887,16.4648,16.13293,0.1571,GALAXY
22.89542,21.58965,21.10591,21.03057,20.74807,0.00082,STAR
26.23542,22.88428,21.17959,19.91757,19.47917,0.68844,GALAXY
25.56063,22.122,19.99945,18.86458,18.38358,0.56037,GALAXY
18.08763,16.8716,16.39449,16.25697,16.18928,-6e-05,STAR
21.29273,19.84287,18.40032,17.80638,17.44319,0.35721,GALAXY
21.67048,22.04321,19.22269,18.46305,17.48615,6e-05,STAR
21.31006,21.23918,21.24429,20.77328,20.62885,1.52558,QSO
25.53883,21.45667,19.91205,19.02607,18.54287,0.5499,GALAXY
23.43083,21.58255,20.5999,19.75234,19.4249,0.28445,GALAXY
20.52376,18.66469,17.51673,16.98566,16.53991,0.12765,GALAXY
20.30796,17.95349,16.75568,16.23873,15.81425,0.13215,GALAXY
20.04797,19.70487,19.68987,19.76613,19.73094,-0.00025,STAR
19.30717,17.69565,17.07962,16.82939,16.70532,-0.00021,STAR
19.5344,17.41613,16.43813,16.01219,15.64656,0.08632,GALAXY
17.11156,15.21074,14.3363,13.92225,13.62399,0.03622,GALAXY
17.42964,16.34895,16.01017,15.90356,15.88086,-6e-05,STAR
21.6503,22.59905,21.55622,21.45096,20.5613,0.71294,GALAXY
21.49589,21.19064,20.9294,20.89532,20.58155,1.04869,QSO
22.93552,22.10429,20.38999,19.55091,19.33071,0.48792,GALAXY
21.4212,21.05726,20.94735,20.82137,20.8184,1.58864,QSO
20.35531,18.44649,17.37835,16.8066,16.47338,0.12677,GALAXY
21.87504,20.10634,18.93619,18.44826,18.14914,0.25628,GALAXY
20.77414,18.73604,17.6364,17.19823,16.85599,0.15232,GALAXY
20.97789,20.64752,20.50108,20.52728,20.66183,0.99611,QSO
26.19279,21.52734,19.6512,18.9188,18.55287,0.41395,GALAXY
18.29405,17.13475,16.7272,16.57752,16.52727,0.00023,STAR
20.40743,18.78182,17.74901,17.26097,16.87488,0.16261,GALAXY
20.88041,20.6957,20.21216,20.12515,19.7371,1.19661,QSO
24.00839,22.86407,22.18638,21.65087,20.649,0.75168,GALAXY
27.27845,21.72326,20.29057,19.46409,18.83975,0.41805,GALAXY
20.09378,19.20333,18.9362,18.82965,18.78595,-0.00032,STAR
19.82911,17.19474,16.0225,15.55005,15.28433,-7e-05,STAR
25.53391,22.95044,21.81341,20.72626,19.86732,0.80313,GALAXY
25.57154,22.61701,20.90552,19.87959,19.39454,0.56098,GALAXY
19.4871,18.29543,17.65571,17.31869,17.06563,0.10917,GALAXY
22.41379,22.55215,21.90839,21.19138,20.87362,0.79271,GALAXY
22.47801,22.07915,21.89389,20.71778,20.12295,0.80781,GALAXY
23.34753,22.95736,21.18144,20.23484,19.65982,0.60453,GALAXY
21.51232,21.54479,20.57792,19.32694,18.5611,0.21472,GALAXY
19.50105,19.04798,18.9327,18.70514,18.80844,1.5487,QSO
22.7326,22.00036,20.09814,19.1773,18.72694,0.48071,GALAXY
20.19509,18.59772,17.77364,17.29451,17.01253,0.12944,GALAXY
23.71002,22.10744,20.39755,19.4796,18.96407,0.56968,GALAXY
24.74932,21.66705,19.9439,18.15686,17.03465,-3e-05,STAR
17.11329,16.05695,15.9164,15.88439,15.92279,-5e-05,STAR
24.08946,21.07599,19.32841,18.68544,18.46436,0.35272,GALAXY
25.08674,20.69235,19.08284,17.88619,17.19952,0.00021,STAR
23.69933,21.33249,19.79779,18.27634,17.39584,6e-05,STAR
21.92443,21.13067,20.95888,20.92857,20.81728,-0.00057,STAR
26.51373,22.24742,21.44759,20.27682,19.51501,1.67028,QSO
23.63617,22.30746,20.72248,19.82089,19.29094,0.47987,GALAXY
20.89782,20.7708,20.61117,20.56495,20.84223,1.17439,QSO
22.18664,21.9594,22.03728,21.77358,21.00882,1.87628,QSO
21.52165,20.98246,20.7291,20.37509,20.17673,1.52707,QSO
25.39274,22.58239,20.80406,19.91283,19.54082,0.54695,GALAXY
19.36168,17.61413,16.61223,16.21423,15.91013,0.14603,GALAXY
21.47497,19.33962,17.84562,17.31222,17.02859,0.27417,GALAXY
25.14699,21.98808,20.31273,19.38388,18.94747,0.52407,GALAXY
21.76627,19.76523,18.98927,18.73878,18.58513,-0.00016,STAR
21.9619,21.47517,20.22033,19.46394,19.12925,0.51521,GALAXY
20.47196,20.32568,20.4826,20.14952,20.10272,1.86816,QSO
21.10303,18.93561,17.49757,16.12978,15.35591,4e-05,STAR
24.78824,21.58655,21.2892,21.20467,21.1933,-0.0004,STAR
24.27955,22.9114,20.83871,19.8695,19.61958,0.53894,GALAXY
21.6961,21.03687,20.99475,21.01724,20.73777,2.44978,QSO
18.75073,16.75937,15.81811,15.30508,14.90602,0.05651,GALAXY
18.38789,17.05441,16.41031,16.06288,15.79012,0.03316,GALAXY
20.52361,20.30546,20.4054,20.11979,20.16681,1.89218,QSO
22.49184,22.49217,22.31755,21.62032,21.03961,0.87326,GALAXY
23.34393,24.43229,22.08104,20.96439,19.66005,0.83967,GALAXY
21.8309,21.91875,21.76439,21.36003,21.52348,1.74261,QSO
22.06083,20.17193,18.80634,18.28286,17.93302,0.20579,GALAXY
24.58125,22.53161,22.30119,22.25506,21.56607,-0.00065,STAR
21.87489,20.46476,20.27526,20.04336,20.07341,-0.00068,STAR
23.72931,22.02299,20.34566,19.30978,18.91806,0.52209,GALAXY
20.31319,18.55303,17.59668,17.16828,16.83197,0.17332,GALAXY
21.23871,20.70387,20.74041,20.45909,20.42427,1.64197,QSO
20.25982,18.51996,17.5714,17.12621,16.76686,0.10439,GALAXY
25.52182,23.06873,22.05163,20.59888,19.84747,0.71284,GALAXY
23.047,21.02677,19.25702,18.59701,18.0616,0.39544,GALAXY
20.55269,20.4358,20.32506,20.19743,19.92446,2.03898,QSO
25.30395,21.91261,20.84366,20.65833,20.75418,3.7678,QSO
23.34702,21.94591,19.97122,19.02381,18.49538,0.51377,GALAXY
22.91794,21.2749,19.36657,18.32722,17.85378,0.55879,GALAXY
25.26309,22.11497,20.57544,19.62037,18.98776,0.47572,GALAXY
24.94087,22.85596,21.12871,20.02814,19.44886,0.52083,GALAXY
20.38991,18.44078,17.37775,16.91922,16.53785,0.13286,GALAXY
21.76344,21.58978,21.60211,21.35967,21.28545,1.96367,QSO
24.34825,21.91601,20.32686,19.49587,18.86922,0.46376,GALAXY
22.76265,22.88056,22.09618,21.5456,20.53765,0.82842,GALAXY
21.86463,19.96476,19.57981,19.33889,19.24682,2.87672,QSO
22.35328,20.81627,19.30836,18.5013,18.16597,0.56563,GALAXY
23.13073,21.90576,20.62376,19.61388,19.33399,0.52275,GALAXY
23.20728,21.59484,21.31533,21.57566,21.58218,2.64331,QSO
24.18922,22.66535,20.92843,19.68852,19.13074,0.65288,GALAXY
24.46943,20.7177,18.9771,18.30529,17.89029,0.03642,GALAXY
17.88541,16.84028,16.43225,16.10857,15.93644,0.05777,GALAXY
17.95571,16.60716,16.08307,15.87023,15.77658,-0.00024,STAR
19.88696,18.28697,17.30756,16.863,16.50537,0.1411,GALAXY
21.21696,18.45889,17.31826,16.89622,16.66818,5e-05,STAR
22.27695,22.55045,21.91354,21.16057,20.77324,0.76911,GALAXY
25.17736,21.96786,20.28641,19.46474,19.19792,0.41489,GALAXY
23.41238,23.47352,21.80608,20.27625,19.51525,0.7347,GALAXY
23.36043,21.62433,21.52365,21.36592,21.54978,7e-05,STAR
24.3246,22.08679,20.49255,19.64676,19.1595,0.4098,GALAXY
25.30384,22.3885,20.76467,19.8236,19.24397,0.51991,GALAXY
21.75135,21.21002,20.88108,20.58357,20.31371,1.99609,QSO
22.11492,21.86215,21.98248,21.52623,21.02277,1.74851,QSO
19.69554,18.14855,17.41359,17.01908,16.73396,0.10898,GALAXY
22.00453,22.00144,21.36381,21.58472,22.85657,1.33612,QSO
20.73091,18.65651,17.52544,17.0509,16.71225,0.15386,GALAXY
24.81082,22.92814,21.10887,20.09921,19.45089,0.55969,GALAXY
18.84348,17.58292,17.32581,17.10841,16.99124,0.03646,GALAXY
21.95507,20.86022,20.59174,20.46119,20.07085,0.0,STAR
23.99846,20.96969,19.23228,18.55431,18.04785,0.39231,GALAXY
24.46144,21.29522,19.38132,18.70172,18.31735,0.34479,GALAXY
21.3124,20.13112,19.95681,19.79102,19.99354,8e-05,STAR
19.72887,18.11258,17.33182,16.92813,16.64293,0.10696,GALAXY
22.01714,21.97856,21.77585,21.4558,21.62285,1.52642,QSO
24.67755,22.76069,21.0451,20.1954,19.73551,0.41698,GALAXY
24.74704,21.07885,20.27599,20.1546,20.33717,3.60487,QSO
20.37241,18.48436,17.23964,16.69173,16.26443,0.16761,GALAXY
25.58833,22.70446,21.73393,20.52768,19.88303,0.61572,GALAXY
24.01135,23.33725,21.54359,20.54122,19.84046,0.44759,GALAXY
25.39548,22.74519,21.01186,19.89554,19.43529,0.54138,GALAXY
22.61078,21.83616,20.1787,19.37689,19.05951,0.44327,GALAXY
19.31938,17.40424,16.45303,16.05912,15.7106,0.11788,GALAXY
19.80064,18.51196,17.86866,17.4614,17.27064,0.10817,GALAXY
20.5779,19.3555,19.13626,18.9129,18.82,0.06341,GALAXY
23.07011,21.26827,20.22851,19.38665,19.05998,0.48145,GALAXY
19.3309,17.81203,16.92003,16.50727,16.19502,0.0,GALAXY
18.7143,17.32266,16.84447,16.68619,16.55906,9e-05,STAR
21.74692,20.80163,20.59037,20.5566,20.71674,0.00038,STAR
22.96503,21.14787,19.32243,18.61298,18.19053,0.398,GALAXY
22.36781,20.06538,18.45,17.86497,17.48841,0.33096,GALAXY
26.26312,23.05162,21.82349,20.74519,19.94888,0.55157,GALAXY
22.92402,21.53915,20.97455,20.72391,21.17076,-0.00062,STAR
23.63093,23.18984,21.18929,19.83061,19.15149,0.71638,GALAXY
23.92023,22.44758,20.82254,19.79527,19.35014,0.60723,GALAXY
22.37453,21.38738,19.75863,18.79272,18.24733,0.51059,GALAXY
22.08115,19.81458,18.81939,18.38448,18.07928,0.12141,GALAXY
24.82368,22.76061,21.34516,20.16591,19.56667,0.54107,GALAXY
19.94795,19.68142,19.40592,19.46206,19.37305,1.06314,QSO
23.79964,22.53592,20.91001,19.75175,19.19294,0.5495,GALAXY
24.64223,22.25799,21.90783,21.04677,20.68865,0.00038,STAR
18.94808,18.75091,18.75882,18.90208,18.7896,0.88906,QSO
25.2331,20.73221,18.96695,18.33363,17.92294,0.36904,GALAXY
23.21958,22.94491,21.24117,20.03426,19.49167,0.64573,GALAXY
21.94324,20.2875,18.69118,18.0764,17.74356,0.29602,GALAXY
23.73001,22.48488,20.51357,19.48772,18.97365,0.5385,GALAXY
24.84493,21.97337,21.67565,21.42295,20.96458,1.05587,QSO
25.74178,20.66698,18.9727,18.25052,17.7187,0.31227,GALAXY
22.39904,21.62309,19.63358,18.8961,18.47823,0.42048,GALAXY
23.76218,22.93297,21.23976,20.14134,19.69344,0.535,GALAXY
24.58559,22.64051,20.99484,19.89761,19.41418,0.53739,GALAXY
22.15751,20.17516,19.01871,18.51525,18.1595,0.15164,GALAXY
23.64216,22.16805,21.66629,21.15757,20.49044,0.84522,GALAXY
19.65907,18.94811,17.44199,16.00841,15.00514,0.0001,STAR
19.51204,17.80361,16.97101,16.54093,16.24356,0.11315,GALAXY
19.31908,17.70741,16.92442,16.51935,16.23348,0.08994,GALAXY
19.80819,17.98221,17.0392,16.60805,16.25709,0.10901,GALAXY
26.35615,23.55185,21.83785,20.66844,19.91965,0.67449,GALAXY
24.86036,22.79944,21.46303,20.45444,19.80569,0.58138,GALAXY
24.44635,21.25769,20.00311,19.16484,19.00644,0.14714,GALAXY
20.47361,18.92757,17.90451,17.41205,17.01423,0.15884,GALAXY
23.66615,23.99749,21.77452,20.40942,20.09257,0.67405,GALAXY
18.92402,17.27967,16.44378,16.00732,15.691,0.11859,GALAXY
21.4153,20.36592,18.7139,17.97194,17.61607,0.48532,GALAXY
19.19921,18.82417,18.7046,18.62853,18.49707,2.09364,QSO
19.60822,18.66205,18.2794,18.09983,18.05396,-0.00105,STAR
22.54182,22.02893,21.89514,21.63321,21.32274,1.48622,QSO
21.76813,19.08013,17.69469,17.15868,16.80249,0.22395,GALAXY
24.81849,24.74652,22.05031,20.59838,19.88318,0.84186,GALAXY
22.6141,21.26362,20.8419,20.69757,20.50622,-0.00118,STAR
26.44434,23.12325,22.31237,21.52789,20.98966,0.8641,GALAXY
19.10624,18.03294,17.44311,17.26733,17.21034,0.00057,STAR
22.00414,21.6608,21.27659,20.96313,20.82863,1.83952,QSO
21.6024,18.72643,17.37133,16.67177,16.43447,2e-05,STAR
22.77019,22.07787,21.96092,21.96507,22.07565,1.98767,QSO
18.50931,18.37254,18.29167,18.45896,18.4867,0.95132,QSO
17.85077,17.05005,16.77987,16.66124,16.64038,0.01311,GALAXY
21.66244,19.12668,17.69677,16.51331,15.86035,-5e-05,STAR
19.79074,17.77927,16.85359,16.43962,16.12172,0.07265,GALAXY
21.93006,21.64672,21.43116,21.3084,21.13053,0.78431,GALAXY
20.37471,18.35794,17.42722,17.02333,16.65566,0.09906,GALAXY
21.34521,21.16505,20.86655,20.47511,20.20598,1.42917,QSO
20.84374,18.97287,17.8067,17.35548,16.99465,0.17787,GALAXY
18.99783,18.09353,17.76071,17.50889,17.38161,0.09514,GALAXY
21.65535,18.81564,17.51682,17.0604,16.79107,-0.0001,STAR
21.35233,20.48049,20.15806,19.96999,20.02071,-0.00128,STAR
19.37358,18.22935,17.31262,16.87396,16.5713,0.1945,GALAXY
25.97996,23.5725,21.3605,20.06348,19.68421,-0.0008,STAR
19.99956,18.20253,17.3393,16.93815,16.65399,0.06067,GALAXY
20.45476,20.42402,20.25675,19.98802,19.97852,1.80506,QSO
20.49709,20.22532,20.02365,19.61165,19.54673,1.71835,QSO
22.1482,21.43303,20.72546,20.23785,19.8346,1.51479,QSO
16.79734,15.53674,15.09986,14.96818,14.91844,-0.00015,STAR
20.3825,20.17309,20.1255,19.90505,19.91054,0.53376,QSO
23.70492,22.89939,21.88707,20.8186,20.3099,1.27904,QSO
22.44825,21.88767,21.97389,21.31893,21.653,1.63196,QSO
20.91461,21.03397,20.86599,20.69358,20.24581,0.97259,QSO
23.5035,22.74403,21.32521,18.97043,17.58838,1e-05,STAR
19.86535,18.86239,18.74314,18.68164,18.69519,-0.00016,STAR
19.80228,18.93548,18.71803,18.59614,18.61035,-0.00028,STAR
21.32034,21.40959,21.24505,20.99402,20.91577,1.43697,QSO
21.80696,19.01641,17.71933,17.09957,16.77556,0.0001,STAR
20.89229,20.44647,20.51797,20.45646,20.21982,0.79571,QSO
24.37472,23.99375,20.91144,20.95235,20.71231,0.43755,QSO
24.70245,22.47372,20.88806,19.09064,18.02995,0.00027,STAR
23.28434,22.5036,22.35512,22.18235,21.64829,1.16382,QSO
22.88196,24.18924,21.99896,22.23118,21.27612,0.04426,QSO
23.82303,22.22421,22.73244,22.51898,22.12786,0.00055,STAR
22.15295,21.39701,21.14593,21.35968,21.06958,2.64714,QSO
23.23525,21.42794,21.42123,21.24063,21.23427,3.09582,QSO
21.05487,21.08195,20.72333,20.79079,21.25841,1.32024,QSO
23.54165,24.24367,21.93815,20.16493,19.06129,3e-05,STAR
22.0925,21.83196,21.19275,21.05942,20.8836,1.35454,QSO
21.77962,21.36461,21.26506,21.00889,20.63546,2.01537,QSO
20.1026,19.62119,19.48889,19.41584,19.25409,2.26838,QSO
24.44702,22.03686,21.81703,21.92107,21.48404,2.96941,QSO
20.62335,20.25705,20.03387,19.6815,19.7,1.52218,QSO
18.28214,18.00716,18.10155,17.98011,18.00343,0.51506,QSO
19.30437,18.91789,18.89091,18.82063,18.75184,0.68507,QSO
21.32123,21.46886,21.02623,20.92715,20.89052,1.38397,QSO
23.2778,20.59592,19.06424,18.00529,17.40914,0.00017,STAR
23.84464,20.72166,19.20811,17.94354,17.22588,-7e-05,STAR
21.84964,21.45015,21.27217,21.28515,21.06302,2.38868,QSO
21.31406,22.20979,21.29345,20.68095,20.25292,0.42577,QSO
19.7013,18.36263,18.10645,18.02706,17.97467,-4e-05,STAR
22.35692,21.5155,20.88102,20.32478,20.23245,1.51747,QSO
22.66064,22.17969,21.92218,21.7085,20.90965,1.70984,QSO
19.16837,17.73909,17.12261,16.86223,16.75877,-0.00016,STAR
23.5254,21.46792,21.4507,21.69563,21.16115,9e-05,STAR
20.64981,20.64373,20.68639,20.42002,20.41834,1.80146,QSO
24.76176,22.78287,21.48659,20.31966,19.55722,-0.00021,STAR
17.74011,17.38196,16.93163,16.5518,16.50949,0.18201,QSO
18.85805,17.89683,17.56354,17.43642,17.43742,-0.00027,STAR
21.79197,20.56861,20.04766,19.78565,19.58263,-0.00071,STAR
22.13325,21.08771,20.50489,20.28145,20.19602,-5e-05,STAR
21.17998,20.47831,20.21395,20.1594,20.20827,-0.00087,STAR
25.39245,23.2902,21.86063,20.79055,20.23713,0.00033,STAR
22.63519,20.51866,19.68089,19.34033,19.36555,-0.0001,STAR
18.83926,17.84446,17.44169,17.31063,17.22859,-0.00083,STAR
19.93467,17.49094,16.38937,15.98468,15.78302,-0.00012,STAR
20.90653,17.93074,16.23307,15.63177,15.26886,-2e-05,STAR
22.48813,21.60654,21.21022,20.71267,20.42575,1.565,QSO
22.79867,21.45347,21.59325,21.49003,21.25255,2.30959,QSO
21.58589,21.62463,21.27602,21.46233,21.43542,1.32906,QSO
19.29825,19.0392,18.9543,18.69305,18.75686,1.68547,QSO
23.69091,20.95561,20.61821,20.54136,20.73913,3.07875,QSO
22.64615,22.49826,20.22257,20.04609,19.41956,-0.00061,STAR
18.97353,18.52091,18.51415,18.46798,18.49936,0.66919,QSO
20.41158,18.11035,17.09016,16.72663,16.53123,-7e-05,STAR
21.3978,19.71807,18.98339,18.6304,18.41409,-0.00021,STAR
21.73406,21.37024,21.23958,20.94945,20.48336,2.09358,QSO
22.44773,21.49798,21.23866,21.03408,20.73368,0.00055,STAR
23.28904,22.53923,20.67567,18.88343,17.83482,0.00025,STAR
20.90196,20.67312,20.58916,20.36783,20.21038,1.53038,QSO
27.74259,19.85879,18.6004,17.54597,17.09463,-0.00011,STAR
17.52875,16.2135,16.17931,16.21206,16.24633,0.00058,STAR
18.3946,17.38839,17.01153,16.86769,16.80422,-0.00042,STAR
24.33313,24.93487,22.677,22.0778,22.14763,1.28013,QSO
22.55275,21.68865,20.35489,19.08419,18.30042,8e-05,STAR
24.63468,21.53285,21.61761,21.19084,22.82687,-0.00028,STAR
23.05351,20.40078,19.13198,18.65021,18.30943,-0.00062,STAR
23.10413,21.41921,20.67596,19.82855,19.56381,3.96843,QSO
19.33268,19.11452,18.51517,18.1263,17.84364,0.24846,QSO
20.25834,20.13105,19.90476,19.73947,19.89309,1.47941,QSO
20.5209,19.03228,18.3036,17.97352,17.82948,0.0001,STAR
19.17329,17.31976,16.28291,15.76254,15.43552,-7e-05,STAR
19.78843,18.2523,17.67808,17.45778,17.36949,-8e-05,STAR
21.2275,20.59404,20.49505,20.46258,20.19923,2.44747,QSO
21.84767,21.1439,21.00212,20.97281,20.73792,2.30034,QSO
21.21949,20.80087,20.43976,20.02662,19.70021,0.75821,QSO
21.71101,21.6858,21.65444,21.31848,20.71437,1.96136,QSO
25.06988,22.64927,21.03147,19.28012,22.82695,-0.00018,STAR
21.03581,20.01583,19.7319,19.63875,19.71894,0.00022,STAR
20.63029,20.51652,20.34336,20.30535,20.11044,0.9811,QSO
22.20364,21.32128,21.00874,20.96709,20.92783,2.22841,QSO
17.15985,15.68903,15.07211,14.8068,14.66905,-0.00067,STAR
21.56129,21.23724,21.10489,21.17929,21.29421,2.31602,QSO
21.23748,20.78328,20.61617,20.60877,20.58658,2.52171,QSO
22.50138,21.73713,21.3288,21.23603,20.96993,-0.00152,STAR
23.85391,21.28034,19.8868,18.6624,18.2335,3e-05,STAR
24.28487,22.81894,21.27246,20.62768,20.30553,-0.00035,STAR
22.9383,21.98117,21.78646,21.79352,21.27087,2.39048,QSO
17.2676,16.1529,15.73552,15.58599,15.53017,-0.00048,STAR
21.94671,21.3811,21.36826,21.10186,21.12924,-0.00113,STAR
24.86242,22.28139,21.63065,21.0588,20.57074,1.09999,QSO
19.12889,18.20683,17.97942,17.87734,17.87175,-0.00039,STAR
22.15788,20.53053,19.88749,19.64849,19.52687,-0.00019,STAR
23.70505,23.30708,21.9627,20.52334,19.9115,5e-05,STAR
21.15305,19.90659,19.45539,19.28798,19.27879,-0.00012,STAR
26.20356,23.6846,23.44562,20.90628,19.83459,-0.00084,STAR
20.51351,19.63556,19.29641,19.16936,19.05295,-0.00034,STAR
24.78335,23.39029,21.6992,20.56954,19.87139,-0.00019,STAR
21.09069,20.51679,20.24691,19.91746,19.73232,0.73945,QSO
20.44267,17.74134,16.45469,15.79793,15.3925,-0.0002,STAR
23.22973,21.78071,20.8066,20.5216,19.89502,0.00055,STAR
18.91395,17.91905,17.56515,17.4654,17.43113,-0.00077,STAR
23.10155,21.82137,21.5486,21.47466,20.95023,2.91421,QSO
18.75009,17.64128,17.29883,17.16996,17.11762,0.00027,STAR
25.54381,24.76371,22.60951,21.07317,19.98653,-0.00022,STAR
19.96079,19.82572,19.83691,19.67252,19.57182,1.99939,QSO
20.35248,20.05281,19.86217,19.66523,19.30462,2.12088,QSO
19.24272,18.75801,18.10757,17.65421,17.44641,0.22059,QSO
21.86896,21.45338,21.33862,21.45218,20.78638,2.19628,QSO
24.10116,24.63991,22.45195,19.78501,18.22308,5e-05,STAR
22.03756,21.66375,21.33599,21.14729,20.79286,-0.00067,STAR
20.67478,19.88697,19.52752,19.35332,19.33797,-0.00057,STAR
21.32672,21.13668,20.86407,21.02573,21.19157,1.00213,QSO
20.67689,18.3198,17.27597,16.88359,16.63736,0.00011,STAR
21.30039,21.38234,21.46718,21.45981,21.37624,2.00063,QSO
18.66931,18.30555,18.53919,18.77092,19.01162,-2e-05,STAR
24.01213,21.11334,20.5703,20.38436,20.11589,0.00037,STAR
21.81122,20.97464,20.965,20.9392,20.58671,2.37621,QSO
22.85089,22.25928,22.07793,21.82566,21.41198,2.50176,QSO
20.33057,19.90856,19.67242,19.59989,19.51702,1.0288,QSO
21.34547,20.95794,20.71793,20.58609,20.58692,1.09507,QSO
20.72185,20.55906,20.30706,20.33756,20.29546,1.17634,QSO
19.46167,16.82114,15.39171,14.84046,14.57192,-6e-05,STAR
21.49327,21.03686,20.63595,20.06981,20.06037,0.49711,QSO
22.03489,21.48417,21.31198,20.90043,20.46965,2.21476,QSO
17.10556,15.17103,14.39089,14.58461,13.95068,-3e-05,STAR
21.87416,21.6881,21.52124,21.24288,20.86356,1.50459,QSO
23.34081,25.10877,22.6938,21.08759,19.89656,6.30733,QSO
17.8411,16.77069,16.35522,16.20113,16.1647,-7e-05,STAR
18.31204,16.69135,16.09191,15.87882,15.77571,-0.00023,STAR
24.22375,21.35435,21.13347,20.91032,20.69453,-0.00054,STAR
17.18009,16.26594,15.99359,15.90437,15.85904,-0.00048,STAR
21.28963,21.23341,21.37005,21.17381,20.75772,1.75109,QSO
23.897,21.46149,19.88901,19.38496,18.08696,-6e-05,STAR
19.01222,18.08624,17.79095,17.69586,17.6491,-0.00114,STAR
20.42015,19.13896,18.667,18.55047,18.43451,-0.00036,STAR
21.35283,20.34777,20.20748,20.23924,20.19864,-0.00071,STAR
19.67718,19.37536,19.42529,19.30314,19.30583,0.62598,QSO
23.90154,21.5146,20.43155,20.29331,20.13195,3.51488,QSO
20.63364,20.53395,20.53526,20.23748,20.06049,1.68425,QSO
21.19874,20.35485,20.11673,20.16392,20.07638,1.35772,QSO
22.4175,20.73872,20.26263,20.10572,19.97922,-0.00028,STAR
21.49998,21.04188,20.87663,20.64843,20.56812,0.00078,STAR
21.60965,20.91914,20.88225,20.76862,20.58316,2.63062,QSO
21.52682,21.02522,20.80225,21.1145,20.39688,0.91381,QSO
20.8068,20.82397,20.95181,20.39137,20.57845,1.87004,QSO
23.52191,25.61108,23.25723,20.57575,18.88836,0.0001,STAR
17.55867,16.51441,16.10055,15.99606,15.9742,-9e-05,STAR
21.30174,21.00968,20.66133,20.55433,20.51563,1.41365,QSO
22.24893,21.6385,21.23518,21.06719,20.65139,-0.00105,STAR
25.89508,23.17467,21.57763,19.85142,19.02062,-0.00011,STAR
20.24997,18.44661,17.68326,17.40911,17.30328,-0.00015,STAR
24.13071,21.03774,19.6477,18.5288,17.90099,-0.00014,STAR
22.23331,22.10988,21.55255,21.05124,20.63794,0.68247,QSO
23.80299,23.04063,21.72815,20.6623,19.96491,1.71739,QSO
22.55022,21.08478,19.65403,18.89589,18.43755,-0.00014,STAR
20.04324,19.81482,20.03928,20.18123,20.35573,-0.00017,STAR
22.95814,20.91097,20.3909,19.96718,19.67613,2.88032,QSO
19.26243,18.07088,17.61033,17.41066,17.32942,-0.00028,STAR
21.08923,20.35528,20.19759,20.19365,19.73692,2.49876,QSO
19.61916,18.49104,17.94301,17.73787,17.60274,0.00083,STAR
17.99063,16.32145,15.64764,15.38861,15.2623,-9e-05,STAR
21.93884,21.36178,21.16643,21.05607,21.19689,0.00035,STAR
24.25242,21.46035,19.80714,18.72202,18.07989,0.00012,STAR
26.07457,22.04462,21.22457,20.99598,20.98108,-0.00081,STAR
21.56922,20.78109,20.75649,20.77548,20.39914,2.28361,QSO
19.75553,18.48274,18.53496,18.59946,18.75769,-0.00131,STAR
21.8718,20.88377,20.36651,20.24759,20.19744,-8e-05,STAR
24.63466,21.70139,21.8631,20.86587,22.8269,0.00011,STAR
21.28997,20.08007,19.53896,19.30597,19.19975,-0.00061,STAR
23.80711,21.21071,20.57382,20.2783,19.97963,-0.00017,STAR
20.43681,20.37574,20.09922,20.01489,20.09276,1.27216,QSO
23.89443,21.55418,20.14703,18.774,18.08931,-0.00013,STAR
25.8832,20.81456,17.3653,16.48196,16.66969,0.00016,STAR
19.96999,18.32241,17.71442,17.50499,17.37907,-0.00028,STAR
22.00639,21.45509,21.6192,21.23019,21.30297,1.6398,QSO
20.65418,19.12454,18.5275,18.3284,18.22146,0.00013,STAR
19.24427,19.2211,19.02312,19.00033,19.00196,1.11782,QSO
24.34974,22.04412,20.55674,19.19814,18.20954,3e-05,STAR
23.70933,23.42382,19.56286,20.18065,21.93379,1.53906,QSO
21.72812,21.44496,21.63079,21.20987,21.15143,2.10408,QSO
18.84717,17.93614,17.64514,17.54952,17.51319,-0.00023,STAR
26.51218,22.49687,21.92923,22.11838,22.08313,0.87052,QSO
17.34667,16.46303,16.19616,16.09321,16.07283,-0.00016,STAR
23.53918,22.33353,21.69486,21.5405,21.63589,0.00012,STAR
23.53981,20.9881,20.80298,20.76058,20.55684,-0.00049,STAR
18.79543,17.7265,17.31048,17.14916,17.10742,9e-05,STAR
19.29432,18.16866,18.25217,18.3738,18.40514,0.00022,STAR
23.02716,21.7903,21.87892,21.46349,21.48927,0.00083,STAR
21.86634,21.65815,21.41654,21.10401,21.08575,1.97908,QSO
20.99911,20.93933,20.81468,20.45965,20.49958,1.83051,QSO
23.47718,21.90582,20.52529,19.44332,19.15973,0.49245,QSO
22.55498,22.06006,22.33756,21.87851,21.61113,2.02484,QSO
25.28922,24.4453,22.64518,19.87058,18.43095,4e-05,STAR
25.44571,21.70576,20.34708,19.25308,18.658,-6e-05,STAR
23.34656,20.55527,19.30051,18.7128,18.33571,5e-05,STAR
23.17878,22.08616,21.89082,22.46734,21.83273,2.78762,QSO
20.8323,20.74741,20.78924,20.67654,20.32153,2.0355,QSO
19.58671,19.54296,19.52698,19.23936,19.20806,1.72203,QSO
19.79256,19.56019,19.28005,19.24887,19.10384,1.05658,QSO
21.56507,21.45145,21.0967,20.99344,21.19122,1.30131,QSO
22.65701,21.27622,21.02466,20.81724,20.35891,2.32949,QSO
21.94968,21.83925,21.77607,21.55512,20.82798,1.6588,QSO
20.30069,18.95604,18.44488,18.24447,18.21865,-0.0001,STAR
24.13357,21.87633,20.60709,20.09669,19.91892,-7e-05,STAR
18.77124,18.33229,18.2358,18.21792,18.24273,6e-05,STAR
20.33942,19.15731,18.91566,18.81342,18.72786,0.00078,STAR
21.56718,21.22532,20.89369,20.77497,20.34637,1.16769,QSO
20.39361,20.26696,20.15113,19.94706,20.00979,1.81406,QSO
26.06402,21.7999,20.39655,19.60676,18.98354,1.51971,QSO
21.30363,21.20096,21.21745,20.92961,20.52233,1.75,QSO
25.756,21.09912,20.58923,20.40205,20.68138,3.20296,QSO
23.21499,22.14401,22.07306,21.97448,21.86198,0.86942,QSO
23.34271,21.99019,20.79061,19.98283,19.46334,-4e-05,STAR
20.9717,19.83946,19.36098,19.16153,19.08459,0.00031,STAR
20.0603,19.50734,19.5051,19.49149,19.31894,2.53313,QSO
20.71697,18.18736,17.07702,16.67497,16.45362,-6e-05,STAR
20.97436,18.03524,16.73815,16.11201,15.74476,-4e-05,STAR
22.50687,20.64721,19.51477,18.66767,18.00157,1e-05,STAR
20.75978,20.34258,20.22655,19.99764,19.77142,0.70951,QSO
17.52695,16.40039,16.0101,15.70074,15.6619,0.00037,STAR
21.96344,20.03909,19.26116,18.93009,18.71496,-0.00012,STAR
20.57074,20.0696,20.05581,20.04537,19.85226,0.75173,QSO
19.40563,18.44049,18.1866,18.04847,18.03353,-0.00042,STAR
21.68967,19.83534,19.60171,19.55429,19.42009,2.98817,QSO
20.84265,20.42932,20.2194,20.22356,20.01979,0.83974,QSO
22.36946,22.61152,21.97446,21.89951,21.22831,0.96148,QSO
20.2163,19.99287,19.70416,19.47378,19.45455,1.28621,QSO
21.01549,18.40352,19.92929,16.70409,16.38097,0.00013,STAR
21.31483,20.66224,20.28425,20.16143,20.00463,-0.00045,STAR
24.60756,22.85163,21.41535,19.63171,18.6867,-0.00014,STAR
22.85474,22.07594,21.58437,21.61958,21.76108,-0.00095,STAR
21.04206,20.80386,20.62657,20.62922,20.20874,1.13223,QSO
23.87313,20.49627,19.87387,19.59237,19.85014,-0.00011,STAR
19.59867,18.40621,17.89406,17.69029,17.58212,-0.00049,STAR
24.12488,23.96716,21.68911,20.10853,19.71347,4.6404,QSO
18.96416,17.9605,17.69531,17.55602,17.53845,-0.0002,STAR
20.71519,20.22266,20.10823,20.06482,20.2039,-0.00026,STAR
24.57929,22.30892,21.04021,20.43383,20.13331,6e-05,STAR
23.19326,21.99786,19.95348,19.42773,19.2059,0.00021,STAR
22.93601,22.08746,21.6676,21.43361,21.23749,-0.0006,STAR
22.62971,20.53587,20.19781,20.18352,20.17277,2.96673,QSO
20.64839,20.21793,19.84444,19.56109,19.59421,1.57064,QSO
24.40021,21.22412,21.10753,20.69364,20.8217,-0.00062,STAR
23.58635,21.64646,21.33885,21.14085,21.21264,-0.00025,STAR
19.2603,18.23384,17.84668,17.68781,17.61594,-0.00036,STAR
21.43585,19.72431,18.95249,18.64404,18.4187,-6e-05,STAR
22.35319,21.11216,20.84158,20.71613,20.72121,-0.00026,STAR
26.0517,23.80079,22.19524,20.85581,20.02324,0.00014,STAR
22.72209,22.11831,22.00747,22.02417,21.9745,0.00264,STAR
18.964,17.75444,17.23378,17.02387,16.93295,-0.00058,STAR
20.43335,20.4567,20.51107,20.21173,20.19486,1.71622,QSO
21.50038,21.20116,20.83245,20.61951,20.25526,0.9474,QSO
24.36175,21.43965,20.07112,19.41011,19.092,0.00011,STAR
23.51919,21.17933,19.40954,18.513,17.97601,0.00026,STAR
22.42143,21.06506,20.39415,20.08295,20.117,-0.00031,STAR
20.50731,20.85304,20.64661,20.48863,20.54441,1.14603,QSO
22.36571,21.41455,21.12382,21.00775,20.97636,-0.00075,STAR
19.83309,18.73311,18.4208,18.29609,18.23801,0.00012,STAR
24.33053,20.73237,20.00467,19.79232,19.72585,-0.00045,STAR
23.31107,22.74204,22.79926,22.15248,21.4946,5.40241,QSO
19.81463,18.42245,17.90054,17.67517,17.59748,-9e-05,STAR
20.8553,19.16321,18.39991,18.13838,17.9842,9e-05,STAR
22.84041,21.69427,21.64985,21.53424,21.06141,2.40415,QSO
21.63503,21.23179,20.88817,20.47868,20.13498,0.53703,QSO
23.88051,22.26673,20.48729,18.48712,17.4425,-0.00013,STAR
19.62567,18.74574,18.42727,18.28083,18.26315,-0.00022,STAR
22.98583,21.906,21.87023,21.44616,21.07638,2.23188,QSO
23.88801,21.40738,21.16725,21.15192,20.8978,-0.00134,STAR
23.34818,21.65296,21.04981,20.42778,20.52406,0.63598,QSO
20.63912,20.70452,20.50313,20.48782,20.93651,1.09687,QSO
20.89786,19.6081,19.00244,18.80129,18.70525,-0.00012,STAR
20.66188,19.84179,19.50397,19.45508,19.36227,0.0008,STAR
25.3121,23.30647,21.88567,20.24809,20.38933,-0.00029,STAR
22.98842,21.64292,21.45418,21.5929,21.4694,2.46245,QSO
24.9051,22.03647,20.82506,19.51676,18.85278,1e-05,STAR
20.06322,18.33712,17.64267,17.39441,17.25112,-0.00015,STAR
18.70974,16.6656,15.92487,15.70471,15.60468,-7e-05,STAR
20.53238,19.55679,19.28634,19.17673,19.2288,0.00027,STAR
21.46159,20.92439,20.74086,20.45272,20.32026,0.58526,QSO
22.24615,21.74016,21.51713,21.31455,20.74786,0.7418,QSO
21.7515,21.77493,21.62857,21.51391,21.23161,1.77772,QSO
20.75017,20.66658,20.25803,20.20986,20.07291,1.3539,QSO
21.76248,21.597,21.32521,21.20267,21.49942,1.21456,QSO
20.15149,19.9017,19.69132,19.48174,19.42623,1.52562,QSO
18.90535,17.56185,17.08355,16.87404,16.80994,-0.00014,STAR
21.83578,21.61373,21.32001,21.14297,21.02832,2.00543,QSO
20.85489,20.83119,20.8499,20.53447,20.59457,1.82622,QSO
18.81155,17.32829,16.78927,16.607,16.53436,-4e-05,STAR
20.23966,19.86617,19.68983,19.61133,19.6405,1.38658,QSO
19.50768,18.54116,18.21489,18.09469,18.06274,9e-05,STAR
25.01821,22.69428,21.36318,19.40391,18.37243,0.0,STAR
19.9917,18.94751,18.53609,18.37136,18.28442,-0.00048,STAR
21.17819,20.2315,19.91364,19.82556,19.43493,2.50888,QSO
20.52312,19.50087,19.20288,19.10979,19.07845,-0.00043,STAR
20.37539,19.87347,19.21584,18.72304,18.65899,0.21812,QSO
25.33522,21.63287,20.00612,18.75203,18.06503,0.00014,STAR
23.12552,20.93904,20.55762,20.42735,20.24533,0.00012,STAR
20.38932,20.23374,19.99073,19.93622,19.87716,1.41563,QSO
18.87259,18.45034,18.36206,18.15287,18.24983,0.61676,QSO
22.70521,19.63317,19.20514,19.09261,19.09353,3.09095,QSO
19.97773,19.37693,19.09783,19.01781,18.81468,0.71721,QSO
25.86788,21.97135,20.47762,19.71698,19.28506,0.41764,QSO
17.14274,17.46862,17.98959,18.36085,18.66816,2e-05,STAR
17.62697,16.37065,15.83747,15.59591,15.50233,-0.00026,STAR
25.8702,22.25787,20.6643,19.58332,18.89834,-0.00029,STAR
23.12092,22.27343,21.91594,21.53727,21.09687,1.31662,QSO
21.436,21.40685,21.13542,21.05917,22.07125,1.20597,QSO
20.99854,20.93304,20.62964,20.68579,20.88664,1.30239,QSO
20.84956,18.3834,16.91068,15.55644,14.81531,-6e-05,STAR
22.43742,19.55231,18.46435,18.01848,17.74893,0.00018,STAR
21.7321,21.44239,21.51293,21.36552,21.0705,1.78819,QSO
21.65307,21.59456,21.53326,21.13093,21.21446,1.62379,QSO
25.21911,22.19033,20.61742,18.75797,17.66845,2e-05,STAR
19.42287,18.45217,18.13075,17.99381,17.95799,-0.00062,STAR
20.01255,19.86224,19.79454,19.72029,19.54956,2.10641,QSO
19.00723,18.09479,17.69274,17.53057,17.45929,-0.00053,STAR
21.98597,19.58622,18.56271,18.20575,18.00008,-3e-05,STAR
20.0888,20.08646,19.81343,19.81178,19.84229,1.17603,QSO
22.13541,21.81087,21.55597,21.5297,21.45088,2.24794,QSO
22.65173,21.17239,20.73715,20.4599,20.18989,-0.00061,STAR
17.70824,17.37023,17.61327,17.84155,18.05176,8e-05,STAR
20.98658,20.14284,19.58926,19.36776,18.98442,2.41791,QSO
20.14844,17.73349,16.65438,16.24251,16.03775,0.0001,STAR
21.19045,20.80882,20.62966,20.3308,20.13605,1.4778,QSO
22.43228,21.17393,20.2547,20.02447,19.49678,2.51247,QSO
23.30593,21.03497,20.44257,20.32869,20.85409,8e-05,STAR
17.61777,16.63908,16.35059,16.25497,16.22865,-3e-05,STAR
19.57354,19.46328,19.21924,19.24881,19.20201,1.01294,QSO
21.66213,18.77474,17.40561,16.77802,16.44571,5e-05,STAR
19.52855,19.12314,18.7474,18.54765,18.18695,0.3358,QSO
22.39119,21.17097,21.20289,21.15769,23.11297,-0.00105,STAR
19.68403,17.26348,16.14397,15.73374,15.50636,0.00012,STAR
20.7502,20.61405,20.28611,20.29103,20.27051,1.34795,QSO
24.59292,21.43092,20.07493,18.97442,18.34488,0.00021,STAR
21.32375,18.88087,17.47531,16.10531,15.34697,-0.00021,STAR
29.19901,25.35543,23.48086,21.56495,17.17135,0.25398,QSO
19.60795,18.13327,17.55187,17.34419,17.23339,-0.00032,STAR
16.74647,15.73201,15.3636,15.21478,15.1839,0.0001,STAR
22.66658,19.6613,19.43267,19.50107,19.47066,3.12359,QSO
20.48671,20.07059,20.05775,20.05985,20.08619,1.24219,QSO
23.30894,21.15352,20.90096,20.86505,20.53592,2.97175,QSO
19.16916,17.77048,17.30722,17.11413,17.04445,-0.00016,STAR
24.61182,24.73154,22.51463,19.79664,18.16147,-6e-05,STAR
23.60023,21.93559,21.62066,21.56682,21.12409,-0.00053,STAR
22.63892,20.24368,18.8457,17.7462,17.15124,-6e-05,STAR
20.62608,20.11979,20.36591,20.6394,20.81389,-0.00017,STAR
19.92179,18.67004,18.18934,17.99103,17.95082,-0.00022,STAR
22.37396,21.64799,21.72155,21.56635,21.43422,-0.00035,STAR
23.20083,20.81524,20.2102,19.89408,19.65056,3.2306,QSO
21.59587,20.78304,20.53337,20.45484,20.30095,-0.00091,STAR
21.88854,21.14101,20.78589,20.76945,20.27549,2.12077,QSO
19.81841,18.26438,17.58852,17.27334,17.09412,-0.00016,STAR
19.3502,18.97084,18.60613,18.58607,18.54449,1.02835,QSO
21.72855,21.75492,21.90746,21.73416,22.25295,2.20464,QSO
22.06465,22.05946,21.76873,21.55767,21.07852,1.10232,QSO
20.4631,20.37334,20.25439,20.10828,19.79588,2.01878,QSO
21.81713,21.68412,21.49175,21.24367,21.65224,1.61798,QSO
19.05215,18.15293,17.86221,17.74373,17.68947,0.00025,STAR
22.46209,21.90249,21.18502,20.60398,20.20604,0.48367,QSO
22.19412,21.84092,21.6457,21.28998,20.86466,2.004,QSO
20.86812,20.07217,19.70105,19.49636,19.57199,-0.0012,STAR
23.34675,22.13117,21.74218,21.24006,21.21406,1.50688,QSO
21.79408,21.96156,21.83921,21.55313,20.81161,1.08845,QSO
18.85714,18.00207,17.70412,17.58929,17.57836,-0.00067,STAR
17.30058,15.89566,15.39958,15.24513,15.20838,-6e-05,STAR
19.99985,19.68133,19.50156,19.17364,19.16122,1.6338,QSO
18.2061,17.27692,16.93745,16.7907,16.72989,-0.00162,STAR
21.6767,21.48663,21.50922,21.04922,21.35482,1.87939,QSO
23.91385,21.15054,19.46569,18.57522,18.05844,7e-05,STAR
21.6673,21.33629,21.17495,20.83886,20.74843,1.72024,QSO
21.71347,21.29083,21.29699,20.94043,20.7391,0.77728,QSO
21.69975,21.28478,20.99093,20.50465,20.40759,1.61897,QSO
19.91951,19.25601,18.84571,18.81167,18.5336,0.986,QSO
22.63338,20.89525,20.05582,19.82785,19.6278,-0.0004,STAR
23.17689,20.93133,19.47984,18.66174,18.2485,-0.00025,STAR
25.28869,23.34183,22.09089,21.79163,21.92992,1.05426,QSO
23.85373,21.46685,21.46384,21.25891,21.40855,1.49256,QSO
21.02673,20.85872,20.6084,20.50367,20.66768,3.36329,QSO
19.39323,18.65552,18.61027,18.35777,18.32368,2.26233,QSO
24.18604,20.93848,19.48451,18.52731,17.97563,0.00016,STAR
24.18776,22.4019,22.26288,21.61984,21.10757,0.63229,QSO
24.24743,23.22116,21.77859,20.09579,19.31741,-0.00018,STAR
14.56906,13.06488,12.52759,12.5511,12.32606,-0.00016,STAR
24.02415,22.27363,21.42148,21.39343,20.99974,1.02028,QSO
26.13619,22.5853,21.26073,20.77354,20.6891,-0.00017,STAR
20.9484,20.77723,20.68049,20.5461,20.44764,2.0362,QSO
19.27062,18.19868,17.68056,17.44718,17.33981,-0.00021,STAR
24.49866,21.21637,20.03255,19.38226,19.25493,-3e-05,STAR
16.40999,14.83677,14.27792,14.10964,14.05352,-1e-05,STAR
23.22309,22.96246,21.61848,20.46587,20.08298,-9e-05,STAR
22.91272,20.52169,20.06458,19.83447,19.8518,0.00015,STAR
20.78887,19.48641,18.94503,18.77196,18.66422,-0.0004,STAR
21.26118,20.71417,20.53153,20.1636,20.52701,1.73975,QSO
24.72526,22.77351,21.2646,19.99276,19.32217,0.00027,STAR
22.63398,19.58916,18.1222,17.44085,17.06907,7e-05,STAR
17.77746,16.0782,15.45936,15.26259,15.19506,-2e-05,STAR
19.45209,18.28997,17.88394,17.73206,17.67035,5e-05,STAR
19.0127,18.04191,17.66633,17.51058,17.45328,0.0007,STAR
22.86242,20.55084,19.18355,18.19915,17.65114,-0.00014,STAR
22.20649,20.5553,20.20189,20.234,20.16308,3.09938,QSO
21.06145,20.3176,20.04783,19.90143,19.91403,-0.00047,STAR
21.44136,20.43245,20.04448,20.00558,19.78393,-0.00073,STAR
20.56203,20.48865,20.65732,20.34956,20.50171,1.79971,QSO
26.51705,23.91049,21.97282,20.51396,19.54618,1.59208,QSO
24.7639,21.26681,19.7929,18.44168,17.7411,3e-05,STAR
18.78787,17.53194,17.07981,16.90165,16.86694,-4e-05,STAR
19.98121,19.44095,18.58873,18.42425,18.39174,-6e-05,STAR
20.6334,18.36993,17.49364,17.17907,16.99762,0.00015,STAR
22.92763,21.89076,21.71342,21.48922,20.95504,2.19568,QSO
23.00521,22.45417,21.61053,21.13507,21.29173,-0.00012,STAR
25.17469,22.10028,20.66801,19.14825,18.31139,4e-05,STAR
25.70967,24.50599,23.5536,22.33604,22.22839,0.00011,STAR
22.48313,21.9196,20.72071,19.43814,18.89796,0.61594,QSO
22.82967,21.80694,21.80402,21.84362,21.75343,0.00049,STAR
21.9733,21.62937,21.45294,21.02748,20.88458,1.71016,QSO
24.72828,22.21008,20.50301,19.4669,19.00187,0.93218,QSO
17.3161,15.92595,16.65706,15.21985,15.05047,-1e-05,STAR
21.21176,20.47235,20.35073,20.35656,19.95549,2.42801,QSO
21.82753,21.11029,21.29316,21.04085,20.73948,2.56959,QSO
20.43438,18.42659,17.67851,17.35326,17.19213,0.00023,STAR
22.36125,22.05636,21.83155,21.67337,21.6565,2.84375,QSO
22.69312,20.86281,19.85975,19.53227,19.35548,1.09485,QSO
20.21659,19.77908,19.70002,19.51203,19.12727,2.20542,QSO
22.72615,21.51908,21.19786,21.43177,20.98503,2.3433,QSO
20.09369,19.91097,19.81742,19.52984,19.50463,1.60452,QSO
23.82369,21.74379,21.4867,21.73457,21.92748,2.86351,QSO
25.73697,23.01377,21.44906,20.12121,19.65612,-0.00015,STAR
25.70054,22.21337,21.7453,21.58616,21.35699,-0.00089,STAR
22.1048,21.43784,21.23156,21.14493,21.02078,0.00172,STAR
18.45945,17.08917,16.58184,16.38807,16.26379,0.00034,STAR
24.63467,22.11676,20.35277,19.15308,19.31604,0.00011,STAR
22.36202,19.76403,18.51746,17.73216,17.21552,0.00012,STAR
17.50835,17.37957,17.41199,17.51406,17.65748,0.00016,STAR
24.70112,22.37288,20.95425,19.87197,19.26052,2e-05,STAR
22.37711,20.82178,20.04423,19.73395,19.44213,-0.00055,STAR
21.7635,21.88443,22.10372,21.77498,21.61418,1.49302,QSO
16.80457,15.84634,15.55214,15.44519,15.39963,-0.0006,STAR
20.06509,20.10912,19.72405,19.65899,19.66976,1.13667,QSO
21.00827,20.76419,20.32409,20.14643,20.31035,1.07126,QSO
21.68195,21.18395,20.88564,20.59449,20.30884,2.10881,QSO
21.5163,21.43667,21.06717,21.14982,20.35391,0.77299,QSO
24.20513,21.40342,20.73902,20.54058,20.25561,-6e-05,STAR
19.77289,18.89321,18.58686,18.47009,18.34715,-0.00011,STAR
21.05925,19.57582,18.80189,18.55224,18.45617,-6e-05,STAR
18.55925,17.65569,17.13713,16.99358,16.92642,0.00038,STAR
21.94199,20.96173,20.05015,19.50866,19.21411,0.41416,QSO
21.83662,21.64068,21.20825,21.30437,21.14915,1.26551,QSO
23.13673,21.29989,21.07688,20.85318,21.02823,-0.00052,STAR
23.28459,21.72487,20.57399,19.34697,18.73978,-2e-05,STAR
23.89175,19.84238,19.11698,18.79983,18.80895,-0.00025,STAR
20.81154,20.89471,20.92136,20.52351,20.24643,1.78708,QSO
23.75023,20.90215,19.39615,18.56315,18.07174,-1e-05,STAR
19.33176,19.29815,19.04245,19.07623,19.19175,1.21756,QSO
21.68396,19.54908,18.39739,17.83816,17.48003,-0.0001,STAR
22.41686,21.32046,20.77736,20.44515,20.33718,-0.00044,STAR
24.17685,23.45502,21.86574,21.25438,21.5229,2.44129,QSO
21.64759,21.05276,20.88915,21.10123,20.45881,0.71601,QSO
19.61438,18.34528,17.88048,17.71093,17.60023,0.0,STAR
21.08987,19.93318,19.51706,19.27276,19.0196,2.68958,QSO
19.73624,19.2825,19.28589,19.11639,19.16514,0.61418,QSO
23.4528,22.90412,22.13163,21.74012,20.94237,2.88991,QSO
19.40349,18.29028,18.54347,18.68843,18.81849,-0.0002,STAR
21.44378,20.3691,19.86592,19.7041,19.74806,-0.00066,STAR
20.8461,20.13119,20.02117,19.80263,19.47072,2.34065,QSO
20.74323,20.57777,20.37636,20.36515,20.16884,0.88062,QSO
21.62412,21.30056,21.34393,21.03164,21.79505,1.66087,QSO
23.05832,21.08867,20.0361,19.9687,20.15417,0.00054,STAR
24.6343,21.73276,22.2848,21.23213,22.8269,1.59748,QSO
21.04261,20.33526,20.27267,20.26862,19.99876,2.33878,QSO
18.73579,17.7382,17.49396,17.49099,17.45354,-0.00084,STAR
19.52254,19.43917,19.31029,19.11605,19.03924,1.97293,QSO
21.11559,20.65407,20.13945,20.1999,20.11199,1.02998,QSO
20.36029,20.37833,20.32208,20.08103,19.73065,2.04509,QSO
21.75897,21.05813,20.94658,20.48609,20.11511,1.77957,QSO
17.3007,16.19687,15.77252,15.59196,15.59908,-0.0002,STAR
25.00249,22.38386,21.93888,21.89643,22.61078,-0.00051,STAR
20.6561,19.37328,18.90133,18.73735,18.66148,-0.00028,STAR
20.44245,19.75136,19.66233,19.60551,19.24074,2.44397,QSO
19.87496,18.78112,18.71595,18.70268,18.78433,-0.00018,STAR
23.18741,20.52518,19.09865,18.41614,18.01982,6e-05,STAR
20.29791,19.35433,18.96001,18.80713,18.74221,-0.00033,STAR
22.23524,22.01571,21.48946,21.55737,22.68202,1.40423,QSO
21.15155,21.32053,20.87642,21.07314,21.51955,1.26179,QSO
21.88253,21.43914,21.43468,21.07104,21.00903,1.90379,QSO
21.07641,21.22776,21.22791,20.96708,20.98171,1.95746,QSO
16.74358,15.54589,15.49015,15.52989,15.62185,-0.00044,STAR
21.20889,20.69545,20.49742,20.13173,19.98893,0.62903,QSO
23.04153,22.15841,20.18073,19.88066,19.77011,-3e-05,STAR
23.7052,21.38799,21.28356,21.35035,21.20058,0.00017,STAR
21.13679,20.65345,20.46045,20.35369,20.23592,0.89363,QSO
20.77553,19.83954,19.50661,19.47263,19.39669,-0.00073,STAR
19.36294,18.37061,18.10965,18.0155,17.96718,-0.00084,STAR
21.87929,21.57818,21.24993,21.15175,20.67417,2.50479,QSO
19.73395,18.91371,18.65817,18.55806,18.55792,-0.00064,STAR
17.3382,15.861,15.29345,15.08544,15.00064,-8e-05,STAR
24.91721,21.2938,24.80203,20.36278,23.25751,4.98266,QSO
21.9585,20.79381,20.23249,20.06468,19.74799,-0.0002,STAR
22.56175,20.64471,19.637,19.26111,18.99533,-8e-05,STAR
20.36711,19.30438,18.9871,18.89008,18.82611,-2e-05,STAR
24.02625,21.57587,21.0404,20.82514,20.89058,-4e-05,STAR
20.11914,18.04215,17.17072,16.85313,16.66963,-6e-05,STAR
17.33111,15.91306,15.42666,15.24881,15.17476,-0.00027,STAR
21.48268,21.10176,20.86021,20.38953,20.40624,1.77902,QSO
21.17391,21.30155,20.92231,20.90038,21.04902,1.1117,QSO
21.36509,21.38968,21.37178,21.12971,22.21103,1.92892,QSO
23.32001,21.78972,21.55662,21.3858,21.32734,1.9414,QSO
22.04193,21.82527,21.72067,21.28382,21.56294,1.65663,QSO
20.85135,20.9576,20.58417,20.53269,20.25205,1.31798,QSO
21.9209,21.65171,21.21861,20.99364,21.37159,1.48689,QSO
18.62401,17.66441,17.30346,17.153,17.08157,-0.00054,STAR
21.08411,20.73561,20.43955,20.3274,20.211,0.98543,QSO
20.155,18.97908,18.40375,18.17536,18.06053,0.00097,STAR
23.10709,21.40253,21.13751,20.94722,20.52934,0.00011,STAR
19.19772,18.08563,17.82569,17.73397,17.7375,-0.00065,STAR
20.9694,20.93253,20.45984,20.34318,20.43347,1.41106,QSO
21.45676,21.48093,21.56458,20.94779,20.7462,1.83258,QSO
24.23937,21.1735,19.80291,18.86709,18.35665,-1e-05,STAR
16.81685,15.82498,15.52172,15.38394,15.35682,-0.0009,STAR
17.67315,16.71908,16.39971,16.27008,16.24917,-0.00107,STAR
20.92038,19.71005,19.98162,20.16109,20.25745,-0.00042,STAR
19.39259,17.92271,17.37467,17.17923,17.11849,9e-05,STAR
22.8702,20.88201,19.39016,18.19054,17.51494,0.00012,STAR
26.23077,25.19406,22.5795,21.5698,19.95035,-0.00241,STAR
26.30862,21.7979,20.56803,20.22835,19.87133,2e-05,STAR
24.4172,22.19828,21.58167,20.81145,20.05754,0.83545,QSO
22.20207,21.84918,21.69332,21.8081,21.04342,2.398,QSO
22.35015,21.95468,20.93025,19.99978,19.43574,1.28585,QSO
22.54599,22.94246,22.32719,21.36638,20.34769,0.58793,QSO
20.14937,19.61388,19.67831,19.60538,19.54095,0.68485,QSO
22.30434,21.84081,21.71433,21.72909,22.38621,-0.00043,STAR
21.89889,21.93462,21.74051,21.50444,21.14284,1.94902,QSO
20.31508,19.33675,19.23934,19.21604,19.15373,-0.00048,STAR
19.3779,17.94231,17.35509,17.12112,16.9906,-0.00027,STAR
17.64381,16.73557,16.52137,16.44132,16.46212,-0.00067,STAR
19.92272,19.07849,19.05779,19.06535,18.83411,-0.0002,STAR
18.95322,18.14452,17.83045,17.69566,17.66853,0.00013,STAR
23.21648,22.16679,21.72356,21.40921,20.80968,2.01895,QSO
22.05172,21.24224,21.38768,21.17848,21.47923,2.38386,QSO
22.49221,22.56058,20.63101,19.19664,18.43299,4e-05,STAR
24.26594,20.63361,19.71572,19.23502,18.95989,-0.00013,STAR
23.31334,22.37709,20.81291,19.65215,18.94398,3e-05,STAR
19.86396,19.06643,18.93803,18.79526,18.58668,2.57628,QSO
21.82788,20.7389,20.3459,20.19423,20.13774,-0.0005,STAR
21.27481,21.10262,20.88811,20.63082,20.5281,1.453,QSO
19.84802,18.96594,18.62393,18.46317,18.36643,-0.00065,STAR
19.53981,17.75296,17.06455,16.82288,16.6944,-0.00024,STAR
19.42269,17.30286,16.40456,16.05791,15.84532,6e-05,STAR
22.2007,21.18599,21.00762,20.83435,20.49593,2.39507,QSO
24.11906,24.25409,22.39835,21.59865,20.63778,0.96318,QSO
19.30862,18.02405,17.57276,17.41967,17.37827,0.0001,STAR
21.71023,19.13286,18.02509,17.64691,17.40882,9e-05,STAR
24.86385,22.67912,21.2642,18.74964,17.28323,0.00014,STAR
21.59218,19.66406,18.742,18.43423,18.20845,-0.00024,STAR
25.69463,22.21119,20.98651,20.26243,20.307,-0.00054,STAR
21.44576,20.70113,20.18751,19.74249,19.53988,1.86203,QSO
23.22892,22.44332,22.10163,22.03822,22.07209,1.31818,QSO
20.62107,20.18836,20.11138,20.01533,19.73745,0.86719,QSO
22.67529,21.15671,20.86179,20.7636,20.8101,-0.00053,STAR
20.09992,19.73216,19.68087,19.37713,19.33996,0.56733,QSO
21.39248,20.87015,20.7326,20.78788,20.29887,2.57466,QSO
23.71454,21.81124,20.25271,19.2476,18.79104,0.5319,QSO
20.39936,20.44754,20.44124,20.27218,20.18215,1.96464,QSO
20.32276,19.99905,19.88439,19.97933,19.73251,0.82608,QSO
20.55178,19.14723,18.63053,18.40537,18.33302,0.00038,STAR
22.11378,21.73087,21.40322,20.95347,20.89655,3.21102,QSO
17.5438,16.52841,16.13321,15.9756,15.9176,-9e-05,STAR
24.45377,25.07348,23.68638,20.69988,19.34413,0.00018,STAR
21.30467,21.38253,21.16922,21.06262,20.78322,1.96972,QSO
18.94071,17.97606,17.64755,17.51454,17.46262,-0.0004,STAR
19.96338,18.8324,18.33309,18.15747,18.10103,-0.00028,STAR
15.68596,14.62756,14.38473,14.32106,14.32891,-8e-05,STAR
23.86601,20.87372,19.32022,18.15784,17.55449,-0.00014,STAR
19.01888,18.02091,17.60554,17.4483,17.3785,-0.00103,STAR
21.32841,21.18541,21.07355,20.91783,20.9351,1.45203,QSO
25.86891,23.18285,21.91831,20.13639,17.92616,-0.00018,STAR
17.94777,17.02475,16.81203,16.75883,16.76915,-0.00086,STAR
21.52785,21.16784,20.79406,20.62206,20.60907,2.11709,QSO
19.91682,18.15439,17.37757,17.04371,16.85485,-0.00038,STAR
25.03092,23.41107,21.84082,20.43576,19.5935,0.0001,STAR
20.77114,20.63087,20.67435,20.48421,20.53766,1.74423,QSO
18.62837,17.45963,17.24402,17.16625,17.38105,-0.0002,STAR
20.89808,20.45127,20.08626,19.47308,19.24562,0.575,QSO
21.83794,21.11998,20.97396,21.15431,20.6516,2.5101,QSO
23.6626,24.36591,24.12824,21.48678,19.66662,1e-05,STAR
17.52394,17.8177,17.99536,17.65893,17.31718,-0.00011,STAR
20.97872,20.49079,20.42212,20.47199,20.1889,2.2712,QSO
21.23298,20.95415,20.89107,20.90817,20.50348,2.08274,QSO
22.33199,21.90045,21.97486,21.84309,21.25994,2.41178,QSO
22.1096,21.79917,21.62311,21.56165,21.018,0.98337,QSO
22.4121,21.5199,21.27647,20.912,20.53927,-0.00024,STAR
21.49547,21.11902,20.86374,20.58192,20.65552,1.58288,QSO
19.33695,19.12676,18.89327,18.67101,18.48039,1.96871,QSO
20.46964,19.54015,19.25612,19.14948,19.24689,1e-05,STAR
21.64921,21.3756,21.49532,20.91787,21.72879,1.89328,QSO
17.54776,17.28699,17.25174,17.21745,17.16834,0.79743,QSO
21.29862,21.18793,20.8386,20.71314,20.36973,1.48105,QSO
18.32167,16.71052,16.04758,15.76988,15.63514,0.0001,STAR
18.97126,18.05321,17.70711,17.57523,17.5027,-0.00059,STAR
21.77075,21.4425,21.32955,21.06535,20.93135,1.99499,QSO
17.40839,16.48089,16.20569,16.09927,16.07083,-0.00071,STAR
19.94942,20.02996,19.85383,19.89408,19.86172,1.20879,QSO
24.95053,22.52865,21.69338,21.30058,21.433,-0.00012,STAR
23.71435,21.30772,19.75042,18.15087,17.28832,7e-05,STAR
22.21345,21.81754,21.47153,21.47945,21.47519,1.27062,QSO
24.24163,23.57905,23.63867,22.84407,22.37457,1.35759,QSO
19.65633,18.02295,17.48502,17.33461,17.27596,0.00018,STAR
25.8988,20.75965,19.29632,18.35731,17.80232,-0.00025,STAR
22.43959,21.5135,21.29311,21.2337,21.43268,3.11571,QSO
23.3332,21.11351,19.22786,18.44807,17.96989,4e-05,STAR
18.76135,17.51757,17.07034,16.90463,16.89164,2e-05,STAR
23.46079,20.261,18.91591,18.25909,17.90288,-0.00011,STAR
20.25521,19.31806,18.93864,18.78564,18.7792,-0.00088,STAR
23.51329,22.1519,21.84727,21.924,23.1665,0.00028,STAR
20.77576,18.25166,17.26414,16.89684,16.6962,4e-05,STAR
17.63121,16.2541,15.70155,15.47152,15.37161,-0.0001,STAR
20.07457,19.18472,18.7971,18.6627,18.61707,-0.00089,STAR
22.82517,21.74456,21.7371,21.58099,21.0718,2.6415,QSO
19.45144,19.23343,19.12061,18.92797,18.87175,1.46482,QSO
20.32595,20.17317,19.92802,19.85558,19.79749,0.87187,QSO
20.00618,19.52545,19.5075,19.29824,19.39425,0.61633,QSO
21.65633,21.75408,21.90484,21.74541,21.41301,1.72588,QSO
23.48861,22.66949,21.43447,20.12528,19.21923,-3e-05,STAR
24.54542,22.16095,20.6442,19.86725,19.64423,8e-05,STAR
20.48809,18.5765,17.68962,17.29984,17.06286,1e-05,STAR
20.66407,20.26079,20.21427,20.19404,19.90655,2.15938,QSO
16.95684,15.29862,14.57708,14.25711,14.08608,0.0004,STAR
22.50472,20.52614,20.20581,20.11457,19.85519,2.878,QSO
23.29549,21.5491,21.44438,21.33065,21.39747,-0.00099,STAR
16.69252,17.10248,17.66086,18.04334,18.45789,-7e-05,STAR
18.202,18.40079,18.87495,19.15463,19.50351,-1e-05,STAR
21.26643,21.10141,21.09871,20.71121,21.41768,1.82292,QSO
22.22566,21.6464,21.52465,21.42495,21.39561,0.00012,STAR
21.94059,21.83814,21.53362,21.29124,21.8461,1.25975,QSO
19.4138,18.32302,17.94057,17.7843,17.72541,-0.00028,STAR
18.62703,17.1429,16.57227,16.38557,16.28581,-0.00019,STAR
25.80965,21.8306,21.40751,21.29725,21.35119,3.12705,QSO
19.62508,19.43124,19.21494,19.10646,19.19229,1.43457,QSO
23.08598,21.45961,21.07762,20.86552,20.7417,0.00036,STAR
20.58015,18.53952,17.72619,17.44564,17.26892,4e-05,STAR
20.52383,20.6084,20.38834,20.40352,20.29535,1.20091,QSO
21.15078,21.39386,21.1578,21.18279,21.25885,1.18417,QSO
21.54585,20.66105,20.12154,19.87915,19.90103,-0.00069,STAR
24.23801,22.96331,20.82326,19.67282,18.64567,0.00017,STAR
21.54499,21.53349,21.29773,21.05372,21.46712,1.54236,QSO
24.21136,21.75139,20.3721,19.66452,19.57788,-0.00041,STAR
21.41881,18.95124,18.04571,17.70628,17.496,-8e-05,STAR
18.15112,16.67384,16.32184,16.18517,16.14318,0.00011,STAR
22.71637,21.93635,22.00056,21.74215,21.37809,2.08402,QSO
20.54866,18.05293,16.90246,16.40355,16.14588,6e-05,STAR
19.48001,18.51662,18.29241,18.15216,17.98581,2.63803,QSO
21.05588,21.04908,20.8889,20.68183,20.50141,0.89501,QSO
16.81717,16.26306,16.1022,16.05457,16.08252,8e-05,STAR
29.04068,17.79931,16.92502,16.00165,15.56698,-6e-05,STAR
20.35182,18.04306,17.16953,16.83839,16.67907,0.00019,STAR
21.59335,19.53173,19.9677,20.20908,19.97223,-0.00087,STAR
21.39225,19.78154,19.25068,19.04127,18.94197,-0.00047,STAR
22.66432,21.88879,21.33678,21.01901,20.67431,-0.00031,STAR
19.869,19.9091,19.58889,19.26127,18.98695,1.96042,QSO
22.89704,18.97154,17.4874,16.8594,16.5007,-2e-05,STAR
19.47225,19.53202,19.21905,19.17847,19.23657,1.39308,QSO
22.8617,24.41437,22.03837,20.23003,19.3942,-0.00052,STAR
25.56174,23.6989,21.9741,20.80822,19.86289,6.49052,QSO
19.9548,19.26224,19.24238,19.1707,18.79384,2.2912,QSO
24.98178,21.71681,20.22387,18.91165,18.47053,-7e-05,STAR
21.31026,21.346,21.48036,21.04307,21.24091,1.79944,QSO
21.98107,21.40506,20.9936,20.90475,21.76104,1.18993,QSO
21.85333,21.84292,21.87436,21.73138,21.76608,1.69682,QSO
22.08544,20.95595,20.58389,20.47469,20.52564,2.74348,QSO
22.53375,21.72874,21.59609,21.53204,20.89376,2.27134,QSO
22.13032,21.35898,21.12134,21.28043,20.97969,2.4035,QSO
22.41006,21.44483,21.11732,20.6413,20.19779,0.67792,QSO
20.98828,20.17345,19.91233,19.86107,19.53032,2.55255,QSO
18.74122,17.8458,17.52904,17.42382,17.38467,0.00056,STAR
19.66759,18.83215,18.52449,18.4004,18.35269,-0.00045,STAR
19.32233,18.21086,17.86171,17.70291,17.69664,-0.00028,STAR
21.10938,21.21022,21.22105,20.95903,20.88923,2.06511,QSO
22.11026,21.63202,21.35242,20.99707,21.26419,1.95785,QSO
20.63426,20.25702,20.24837,20.06376,20.01527,0.65293,QSO
20.14837,19.40458,19.08474,18.96485,19.01336,-0.00099,STAR
20.48096,19.02326,18.48746,18.31817,18.24252,6e-05,STAR
18.42997,17.43559,17.07441,16.93399,16.91837,-0.00014,STAR
19.54545,18.08877,17.55414,17.35137,17.29662,-0.00026,STAR
21.98452,21.15932,20.93904,20.78364,20.40497,8e-05,STAR
21.12621,20.40922,20.34304,20.41763,20.47174,2.44971,QSO
23.06332,20.97925,20.93901,20.89246,21.04963,-0.00068,STAR
21.14602,21.07269,20.86964,20.8283,21.50985,1.32383,QSO
22.26474,21.25993,20.95045,21.0471,20.71869,2.56724,QSO
23.26028,21.19082,20.65326,20.54775,21.07089,-0.0006,STAR
21.91104,21.2996,21.12163,20.86995,20.82572,2.01669,QSO
21.31272,20.96648,20.71564,20.73791,20.47693,0.94263,QSO
19.30511,18.8995,18.95399,19.08091,19.24363,9e-05,STAR
21.36272,20.75468,20.58165,20.45766,20.14945,0.77762,QSO
24.89657,20.67951,19.7973,18.85845,18.12115,0.0,STAR
23.94995,23.30348,23.87647,23.80095,22.4747,2.07769,QSO
19.32246,18.87914,18.91153,18.96972,19.1404,-4e-05,STAR
21.13584,18.32693,17.13707,16.66586,16.38988,-7e-05,STAR
23.31735,21.5997,21.31611,21.29455,21.82731,0.94514,QSO
22.29071,19.56591,18.15483,17.27931,16.83965,1e-05,STAR
16.82592,15.50898,15.36571,15.36914,15.39021,-0.00027,STAR
20.88676,20.21471,20.23788,20.21993,20.00295,2.22354,QSO
24.51466,22.5726,21.19232,18.87697,17.67144,-0.00012,STAR
19.21555,18.2442,17.85319,17.76818,17.68988,0.00018,STAR
21.38184,21.28669,21.20548,20.86023,20.72994,1.78018,QSO
21.03344,19.58907,18.9845,18.75788,18.59932,-0.00037,STAR
19.08922,18.0915,17.73005,17.57899,17.52155,-0.00049,STAR
18.76673,16.42402,15.40183,15.05033,14.86585,-0.0001,STAR
19.72722,18.56649,18.63118,18.72809,18.83544,0.00055,STAR
20.92379,20.70956,20.66669,20.36491,20.75952,1.69812,QSO
21.66228,21.85624,21.62446,21.32306,20.87355,1.35334,QSO
23.7043,21.46578,20.00271,18.71154,18.02875,-1e-05,STAR
23.7997,20.88999,19.21555,18.50996,18.02471,0.39454,QSO
18.56786,17.1419,16.4958,16.22014,16.07203,-0.00059,STAR
21.56627,21.31559,21.11821,21.07871,21.01883,1.11215,QSO
16.70019,15.31067,14.81156,14.66184,14.60389,-0.00025,STAR
25.55596,23.67679,21.84077,20.68241,19.7997,-0.00012,STAR
21.30974,21.21774,21.27852,20.99371,20.87445,2.07443,QSO
20.66577,19.31176,19.2627,19.34142,19.4573,-0.00069,STAR
21.50381,20.91837,20.58387,20.20024,20.14956,1.59344,QSO
23.76283,21.23672,21.11988,20.92462,21.05167,0.678,QSO
18.62864,18.6256,18.60927,18.37832,18.30579,1.79144,QSO
24.63992,24.95304,23.18866,20.99455,19.31578,-1e-05,STAR
22.66389,21.89324,21.83428,21.97165,21.67117,0.00063,STAR
23.61956,22.43414,21.85131,21.2184,20.80302,1.94901,QSO
17.25749,15.97731,15.47186,15.29156,15.22619,7e-05,STAR
22.04773,21.26823,20.84642,20.7919,21.0365,0.00022,STAR
25.18593,22.28823,20.86574,20.41974,20.57564,0.00028,STAR
22.14092,21.5832,20.48712,19.63618,19.42699,0.51319,QSO
20.16937,18.31349,17.42068,17.16751,16.98932,0.00018,STAR
19.90486,18.07086,17.447,17.16217,17.04972,-1e-05,STAR
20.8033,20.67874,20.63719,20.34706,20.17738,1.75554,QSO
21.65475,21.53621,21.17703,21.28342,21.69186,1.17426,QSO
20.42434,17.97404,16.83598,16.41396,16.16791,-1e-05,STAR
21.81185,21.44972,21.19963,21.36909,20.80581,0.94342,QSO
17.30062,16.33586,15.97503,15.82379,15.8001,5e-05,STAR
21.90766,21.24195,21.07512,20.93786,20.5326,0.85225,QSO
18.45734,17.21996,16.74486,16.53184,16.46239,-3e-05,STAR
21.30067,20.90556,20.97949,20.88802,20.7332,1.67408,QSO
24.27775,21.97415,20.88643,19.92639,19.4153,1.84544,QSO
24.38028,22.73623,22.18513,21.70049,21.28039,2.15671,QSO
22.32872,22.1688,22.05109,21.77296,22.2329,1.54561,QSO
23.00529,22.32713,21.86463,22.75502,22.66592,1.05753,QSO
20.56372,20.03462,19.90121,19.85237,19.66283,2.21325,QSO
21.41327,21.29459,21.1832,21.16063,20.99269,0.96013,QSO
23.86434,20.02707,19.35307,19.0599,19.02405,-0.00018,STAR
19.33176,18.44318,18.13359,18.01228,17.96475,-0.00037,STAR
23.65332,21.0816,20.89497,20.76996,20.46462,-0.00019,STAR
22.71989,22.36947,20.76416,19.83183,19.2837,5.59254,QSO
25.40745,22.15639,20.49362,19.47959,19.35839,0.00035,STAR
16.58941,15.12915,14.56525,14.38807,14.31969,0.0001,STAR
20.69847,20.59728,20.52433,20.17773,19.79679,2.6783,QSO
20.95734,20.59856,20.54366,20.35988,20.23623,0.52991,QSO
22.96135,20.33114,18.95251,18.13111,17.62677,0.0002,STAR
22.06898,20.34991,19.45471,19.1627,18.89468,-0.00013,STAR
22.3932,20.32772,18.66322,16.82867,15.77134,-9e-05,STAR
23.74808,21.87556,20.30788,18.87652,18.14865,6e-05,STAR
18.9032,18.6975,18.77614,18.68043,18.79277,1.70197,QSO
20.70082,20.7514,20.20631,20.01795,20.02598,1.40452,QSO
21.61335,21.29505,20.96795,20.76065,20.40137,2.39465,QSO
26.20913,21.33692,20.57181,20.33313,20.20426,0.00013,STAR
20.15286,20.08369,20.02855,19.89636,19.65135,1.9253,QSO
21.46577,21.15448,21.03362,20.94848,20.56195,2.13076,QSO
21.38315,21.23851,20.86914,20.78057,20.68624,1.01114,QSO
22.30345,22.03199,21.55568,20.9902,20.82536,0.64741,QSO
25.25903,22.99599,23.52649,23.57319,22.40707,1.28536,QSO
23.04566,22.96283,21.69837,20.56357,19.86604,0.00012,STAR
19.27325,17.31677,16.59117,16.30553,16.11109,0.00012,STAR
23.98249,24.01712,21.69663,20.69084,19.97528,0.65633,QSO
20.68805,20.1355,20.25434,19.96759,19.68074,0.68243,QSO
21.88681,21.70671,21.64265,21.40888,21.14015,2.04096,QSO
21.93423,19.4656,17.99552,17.93857,16.85341,-0.0001,STAR
23.23101,22.8512,21.36546,20.94358,20.42494,-0.00027,STAR
21.57403,20.92592,20.60385,20.16853,20.0098,1.55084,QSO
18.18608,18.04931,17.75193,17.73256,17.78253,1.0888,QSO
23.56902,22.88149,21.46361,21.35468,20.90188,3.66614,QSO
24.15531,22.57949,20.88645,20.53854,20.63931,4.19388,QSO
20.58381,19.25254,18.74573,18.63393,18.49977,-8e-05,STAR
21.99827,21.53067,21.31318,21.29574,21.23307,0.81062,QSO
23.97137,23.57455,23.16456,22.09252,19.50683,-0.00105,STAR
22.38061,22.28636,22.04437,21.56415,21.19213,1.80429,QSO
21.23749,20.40609,20.22783,20.2049,20.06592,-0.00054,STAR
19.36337,18.08265,17.57855,17.40929,17.31939,-9e-05,STAR
23.82465,21.47635,21.04792,21.09363,21.15387,3.11633,QSO
23.59223,22.26128,22.24487,21.8898,21.11928,2.69488,QSO
20.88293,20.31518,20.24209,20.13333,20.00153,0.6923,QSO
24.95897,23.05395,21.49818,20.96074,20.49378,-0.00016,STAR
21.60569,21.36961,21.27785,21.00289,20.7604,0.81646,QSO
19.06203,17.99487,17.60773,17.42834,17.34061,-0.00071,STAR
23.75597,21.90294,21.64461,21.61599,21.73275,0.00014,STAR
18.90749,18.03123,17.71978,17.60887,17.57797,0.0006,STAR
24.83445,23.04728,21.28788,20.05081,19.37506,-0.00026,STAR
21.25537,20.82809,20.73462,20.52729,20.48414,1.47417,QSO
20.31657,19.87868,19.83114,19.61233,19.59637,0.61532,QSO
24.00376,23.27118,22.21856,21.97236,21.6706,2.08757,QSO
17.46073,16.00892,15.33137,15.02026,14.85498,-0.00029,STAR
19.8105,19.66547,19.49129,19.12538,19.00544,1.86846,QSO
24.61494,21.172,19.74261,18.63144,18.06637,-8e-05,STAR
25.15328,22.76418,21.89588,20.80703,19.44711,-0.00014,STAR
20.31347,20.20156,20.06354,19.74979,19.69975,1.78262,QSO
23.53524,23.70858,22.69201,20.20402,18.7466,4e-05,STAR
25.0625,21.39092,20.69086,20.52699,20.3315,-0.00029,STAR
20.69201,19.01701,18.37081,18.16048,17.98873,-0.00029,STAR
24.62064,21.03823,20.3251,19.96985,19.88406,0.00109,STAR
20.11693,18.75115,18.225,18.02754,17.94269,-0.0003,STAR
18.91885,17.79511,17.28467,17.06043,16.93074,-0.00315,STAR
19.00316,18.39012,18.10358,17.8819,17.80479,1.57387,QSO
25.52767,20.97315,20.44037,20.22714,20.21128,3.11276,QSO
21.14326,17.73005,16.19017,15.47663,14.95376,-0.00026,STAR
18.17213,17.10782,16.71008,16.55752,16.48723,0.00012,STAR
22.63317,21.50005,21.28719,21.44556,21.14516,2.86665,QSO
25.86376,21.61795,21.01096,20.9847,20.88532,3.33657,QSO
20.72588,20.01468,19.88544,19.89909,19.59068,2.41568,QSO
19.45985,18.4925,18.16864,18.01688,17.95902,-0.00093,STAR
20.65175,18.2526,17.17978,16.81028,16.6007,6e-05,STAR
21.83401,21.7595,21.72575,21.33433,20.85651,2.04259,QSO
25.23659,20.951,20.10673,19.80648,19.6534,-0.0003,STAR
17.23314,15.61581,15.09167,14.93607,14.87516,0.0001,STAR
21.60039,21.45476,21.10905,21.105,21.19684,1.2651,QSO
23.37604,20.75685,19.10169,17.79388,17.09551,0.00033,STAR
20.22846,20.05924,19.94779,19.68421,19.61326,1.91421,QSO
21.78671,20.15908,19.45964,19.1613,19.06049,-0.00019,STAR
22.19211,22.21748,21.67676,21.65825,22.1889,1.72171,QSO
21.12726,20.6964,20.44782,20.63871,21.06131,-0.00013,STAR
19.10118,18.32094,18.055,17.96827,17.97046,-0.0003,STAR
25.02241,22.05707,21.56659,21.35604,21.26055,0.00044,STAR
19.70701,19.45247,19.25898,19.1122,19.15286,1.41412,QSO
20.88057,21.19734,20.83128,20.82183,20.91429,1.05575,QSO
20.75023,20.54712,20.45056,20.32362,20.2639,1.97949,QSO
21.45757,21.38324,21.09976,21.06894,21.3987,1.36229,QSO
23.66583,21.42907,21.34265,21.10075,20.54102,1.79416,QSO
19.23592,18.17209,17.86642,17.77558,17.74888,-0.00044,STAR
21.47507,20.96915,20.85016,20.74511,20.68956,0.0038,STAR
20.44274,19.18326,18.71247,18.52136,18.41138,0.0,STAR
22.30721,21.80054,21.49734,21.35051,20.90523,0.85246,QSO
21.63566,21.43636,21.36541,20.93123,21.22985,1.5436,QSO
20.13093,18.99644,18.50816,18.30151,18.19131,-0.00073,STAR
21.652,20.80869,20.19346,19.92692,19.87573,-0.00055,STAR
23.7804,20.9531,20.62721,21.07471,20.85783,3.05738,QSO
20.18306,18.17635,17.29384,16.96337,16.78797,0.00017,STAR
24.367,21.71391,21.47309,21.17775,20.89445,2.98386,QSO
21.64678,18.79318,17.32985,15.98267,15.22586,1e-05,STAR
21.31729,20.66367,20.70468,20.67165,20.47968,2.32431,QSO
20.62862,20.56326,20.32159,20.35357,20.46877,1.31728,QSO
20.70811,20.27952,20.22266,19.90864,19.94848,1.86824,QSO
17.53312,16.36435,16.58707,16.78075,16.86929,-0.00097,STAR
24.06652,21.99944,21.45029,20.71705,20.25144,1.31176,QSO
26.01837,21.47684,19.99024,18.88004,18.25354,0.00016,STAR
20.23506,19.01466,18.58111,18.39185,18.39972,-0.0001,STAR
20.52386,20.44857,20.61289,20.32079,20.37999,1.98978,QSO
21.7756,20.64049,20.76442,20.68707,20.40918,2.4364,QSO
24.26622,22.99179,21.48428,19.91269,19.02711,0.00015,STAR
21.09214,21.02232,21.26663,20.9153,20.93675,1.85139,QSO
20.39338,20.37992,20.29154,20.33969,20.24532,1.4878,QSO
21.68851,21.42619,21.151,21.07122,21.15663,1.09242,QSO
22.08311,21.47083,21.17278,21.0022,20.47234,1.99394,QSO
22.15178,21.97857,21.60246,21.48363,21.08647,1.1147,QSO
19.16039,18.90784,18.73713,18.70351,18.62319,0.83305,QSO
21.48699,21.64545,21.80475,21.45675,22.14959,1.87458,QSO
19.32777,17.13935,16.27337,16.00613,15.84528,0.00014,STAR
24.59862,21.61073,21.3974,21.48477,21.10472,2.19222,QSO
18.8327,17.36924,16.76464,16.55428,16.43579,-0.00012,STAR
22.17335,19.23394,17.83667,17.08574,16.66359,-6e-05,STAR
22.4856,21.31539,20.95845,20.78654,21.04781,0.00012,STAR
19.96461,18.51682,17.96311,17.70049,17.61955,-7e-05,STAR
17.985,16.33867,15.64343,15.35487,15.22151,-0.00014,STAR
19.65727,18.77756,18.48939,18.42524,18.38675,-0.00084,STAR
22.45733,23.30622,21.37446,20.34853,19.48138,0.89953,QSO
17.83451,16.16448,15.45431,15.13116,14.96696,0.00025,STAR
20.71981,20.19418,20.0743,20.10102,20.09638,2.25863,QSO
23.89262,21.41109,19.87275,18.89322,18.29775,-0.00017,STAR
23.10765,23.73477,21.6465,20.41353,19.34155,1.17846,QSO
19.52042,19.53597,19.4863,19.13836,19.06705,1.80448,QSO
22.06445,21.59639,21.24042,20.91319,20.44392,1.79258,QSO
21.80521,21.6081,21.6942,21.42231,21.09005,1.75501,QSO
22.70824,20.88962,20.48554,20.42143,20.41474,-0.00012,STAR
17.78046,16.49463,15.89435,15.63111,15.49927,-0.00011,STAR
21.47684,20.90365,20.57229,20.11271,20.09123,1.55427,QSO
22.96272,20.94282,19.53967,19.51746,17.50617,8e-05,STAR
20.73367,19.82211,19.5376,19.44034,19.32769,0.00032,STAR
21.68657,21.99317,21.4966,21.33935,21.28383,1.21259,QSO
21.54866,21.73305,21.85118,21.41165,21.78515,0.76554,QSO
23.7288,23.83418,20.74176,24.36242,22.82475,-9e-05,STAR
19.02807,17.85044,17.79875,17.85651,17.89734,0.00018,STAR
24.45666,23.39379,22.19701,20.6331,20.12366,0.00046,STAR
21.90705,21.70648,21.08953,20.86456,20.73116,1.32808,QSO
26.43087,21.88059,21.70584,21.71008,21.6991,2.9923,QSO
23.80905,22.21495,21.87366,21.477,21.10326,0.00128,STAR
21.67547,21.65602,21.33965,21.10257,20.61447,0.80859,QSO
21.60997,21.3482,21.30507,21.03598,21.10685,1.71796,QSO
21.57328,21.06527,20.72515,20.61028,20.51003,0.97598,QSO
22.37487,21.40015,21.15564,20.88079,20.46478,1.54556,QSO
19.38094,17.74129,17.08628,16.80686,16.6367,-0.0,STAR
21.28791,19.91576,19.38581,19.15128,19.02936,-0.00026,STAR
23.1633,21.50749,21.67629,21.85062,23.16394,0.00128,STAR
18.96677,18.64754,18.37776,18.34677,18.33596,1.22786,QSO
17.73922,16.78184,16.63383,18.51902,16.64853,-0.00028,STAR
21.86889,20.52469,19.89931,19.64401,19.59,-0.00089,STAR
22.44694,22.1607,21.98629,21.79349,21.60276,1.24159,QSO
22.01427,20.68861,20.10766,19.88139,19.79077,-0.00018,STAR
21.73178,21.58694,21.13875,21.17155,21.11791,1.23823,QSO
19.09159,18.87521,18.68424,18.27021,18.16281,1.76702,QSO
22.12359,21.77317,21.84414,21.74419,22.31966,1.57925,QSO
20.64827,19.18952,18.95546,18.8482,18.83636,3.0009,QSO
22.92798,20.43621,19.14013,18.53477,18.18734,-0.00023,STAR
18.00494,16.56344,15.96255,15.71056,15.56314,-1e-05,STAR
22.07032,21.32671,21.21771,21.27116,20.77411,-0.00056,STAR
19.27463,17.0754,16.11416,15.81873,15.62841,-8e-05,STAR
18.41228,17.09096,16.61923,16.43513,16.33033,-6e-05,STAR
19.01099,17.47425,16.86982,16.62164,16.52533,0.00017,STAR
21.92874,21.57502,21.56925,21.65078,21.61133,2.19963,QSO
25.14232,21.90072,21.44393,21.2941,21.37891,1.64733,QSO
24.23692,22.05641,20.30829,19.65205,19.40775,-9e-05,STAR
24.12552,21.84909,21.63203,21.66887,22.07072,1.41963,QSO
21.10627,20.84641,20.46167,20.35688,20.07219,1.04779,QSO
22.2604,21.0114,20.51957,20.32861,20.29386,1.39028,QSO
17.52512,17.23168,17.0906,16.93406,16.86604,1.92991,QSO
22.20323,21.88046,21.86898,21.86886,22.22198,1.40294,QSO
21.37116,18.92612,17.42735,15.82098,14.93765,-0.00013,STAR
22.48813,22.11034,22.4025,21.92577,21.67926,1.9613,QSO
23.02561,20.51218,19.52306,19.2606,18.95639,-0.00021,STAR
20.96592,20.97726,20.94626,20.64334,20.41272,1.86376,QSO
23.50864,22.21642,20.91395,19.3598,18.61396,-0.00015,STAR
21.24384,20.95641,20.58101,20.48663,20.38692,1.10567,QSO
21.65232,20.36828,19.81149,19.65409,19.64214,-0.00045,STAR
21.8252,20.69444,20.42669,20.22984,20.0591,-0.00015,STAR
21.97965,21.51704,21.07921,21.15855,21.06565,-0.00022,STAR
22.26044,21.08954,20.93643,20.78359,20.37097,2.42919,QSO
21.71193,20.77358,20.37824,20.17611,20.05269,0.00027,STAR
19.5989,18.55658,18.04234,17.83876,17.76609,-0.00025,STAR
20.3065,20.08507,19.9979,19.67349,19.70176,1.72249,QSO
20.94931,20.5438,20.26409,20.01127,19.901,1.51597,QSO
18.79591,17.7992,17.43758,17.28618,17.26523,0.00027,STAR
18.49132,18.11958,17.92909,17.97786,17.94625,0.91731,QSO
21.91228,22.75347,21.9775,21.88911,21.56431,1.27154,QSO
20.76789,20.88076,20.49022,20.55243,20.36451,1.28137,QSO
18.96141,18.54884,18.51241,18.57783,18.67355,1.56062,QSO
25.28182,23.39739,22.27,19.3913,19.64006,0.0021,STAR
18.03514,17.14775,16.8321,16.70641,16.66809,-0.00032,STAR
22.06236,21.40227,21.44587,21.55098,21.78187,0.00016,STAR
20.67886,20.42234,20.39197,20.22204,20.05467,2.135,QSO
17.44625,16.2194,15.77975,15.62058,15.57675,0.00016,STAR
23.36341,23.54391,21.75221,20.71099,19.84262,1.61914,QSO
20.69439,19.71187,19.2274,19.0176,18.98023,0.00067,STAR
17.33563,17.50802,17.88883,18.1637,18.42886,-0.00013,STAR
20.80408,20.11033,20.11151,20.17738,19.8724,0.79061,QSO
17.03465,15.51468,12.70114,11.97695,13.56818,0.00011,STAR
21.07887,18.62132,17.65692,17.29145,17.06642,-3e-05,STAR
20.76206,19.71608,19.6169,19.56451,19.58729,-0.00052,STAR
21.78824,20.53355,20.52895,20.72292,20.63613,-0.00073,STAR
23.98151,21.61526,21.44635,21.15829,21.14953,3e-05,STAR
22.72634,22.19517,21.76377,21.50622,21.33621,1.4507,QSO
17.16545,16.21654,15.94485,15.83128,15.80857,-0.00068,STAR
22.5668,21.74422,21.01115,20.73614,20.6317,0.00015,STAR
20.86843,20.65734,20.57858,20.47308,20.35555,2.16411,QSO
21.80563,22.90389,23.06768,21.7895,17.78992,0.00014,STAR
20.14859,19.16362,18.81033,18.65118,18.63514,-0.00059,STAR
18.88024,19.46903,17.70863,18.68973,21.70792,-0.00012,STAR
23.82297,22.50144,20.91866,19.09302,17.99311,0.00012,STAR
21.21974,20.67764,20.63913,20.37672,20.3354,0.5311,QSO
20.22701,19.0589,18.75701,18.58771,18.53156,-0.00051,STAR
18.56575,18.49441,18.19569,18.18225,18.2043,1.29011,QSO
25.87647,20.95524,19.30452,18.14563,17.51942,-0.00051,STAR
18.66858,18.39226,18.46469,18.63111,18.7907,-7e-05,STAR
24.48439,21.56255,20.88364,20.70987,20.95462,-0.00028,STAR
21.75675,21.57755,21.36429,20.90938,21.38075,1.72204,QSO
17.41991,16.05791,15.48428,15.23059,15.11492,-5e-05,STAR
22.44096,21.03949,20.69827,20.72096,20.08005,2.30993,QSO
19.2814,18.12504,17.54897,17.26759,17.10609,-0.00107,STAR
32.78139,14.15644,13.36123,26.30939,13.76284,1.65842,QSO
19.02906,18.77112,18.48322,18.27983,18.23728,1.39564,QSO
19.12872,18.11314,17.68045,17.49438,17.45504,-0.00113,STAR
21.31539,21.11742,21.04869,20.94205,20.60638,1.96543,QSO
24.21188,21.63784,21.27172,21.08375,21.19486,-0.00016,STAR
23.18652,22.01229,21.93008,21.93276,21.73613,2.85527,QSO
21.56022,21.54016,21.93524,21.55524,21.59134,2.07238,QSO
21.04836,20.70452,20.54986,20.539,19.90711,0.76331,QSO
22.68822,21.85145,20.5919,19.65663,19.36321,0.18885,QSO
20.52275,20.37904,20.37618,20.13931,20.10596,1.7244,QSO
17.69575,16.91868,16.30085,15.84019,15.61807,0.09468,QSO
21.88673,21.59457,21.45967,21.35379,21.17747,2.00618,QSO
20.94382,20.12013,19.74712,19.6082,19.45296,-0.00108,STAR
19.57657,18.41558,18.2762,18.21865,18.27483,0.00024,STAR
21.53803,21.67397,21.71536,21.32757,21.36365,1.81837,QSO
20.57654,19.27977,21.44387,21.29075,18.65153,-0.00081,STAR
25.06831,21.72371,21.47665,21.6061,21.43952,-0.0002,STAR
22.79065,20.63772,19.80443,19.51857,19.2788,-0.00043,STAR
18.33875,17.26143,16.94739,16.84327,16.81227,-0.00013,STAR
21.26344,18.77096,17.36929,16.21897,15.60947,-0.00023,STAR
18.83358,17.73063,17.35632,17.19784,17.14778,-0.00019,STAR
20.15482,19.12724,18.87404,18.79018,18.75452,-0.00038,STAR
19.75352,18.8616,18.49483,18.3537,18.3411,-0.0006,STAR
21.74886,21.92836,21.97592,21.44044,21.70311,1.88456,QSO
21.21247,21.47427,20.78565,21.06871,21.04236,1.29757,QSO
17.71015,16.79369,16.47529,16.31292,16.28335,-0.0001,STAR
22.05588,22.00492,21.84444,21.80051,21.42836,1.90632,QSO
20.1708,19.84352,19.5136,19.49929,19.43162,0.91563,QSO
19.01315,17.38179,16.53001,16.10033,15.84952,-5e-05,STAR
21.84282,19.47261,17.99182,16.52925,15.72545,-0.00022,STAR
22.0132,20.89453,20.50562,20.37016,20.43546,-0.00062,STAR
21.89701,21.46849,21.45089,21.38094,21.30299,2.35637,QSO
23.22323,24.04275,22.41389,20.92545,19.97533,0.00011,STAR
21.97766,20.8559,20.56203,21.12937,20.46673,-0.00075,STAR
21.49228,21.3172,21.24214,20.9315,21.07849,1.73838,QSO
25.44279,21.58155,20.09847,19.14135,18.63747,-0.00011,STAR
21.90137,20.72671,20.38053,20.13917,19.84935,-0.00109,STAR
20.13138,18.04074,17.16986,16.88242,16.68099,7e-05,STAR
22.45599,21.67975,21.55157,21.42017,21.28576,-0.0003,STAR
22.90355,21.71708,21.84391,21.74204,21.24934,2.32305,QSO
21.81496,19.49562,18.02259,16.64974,15.89068,0.0002,STAR
19.29911,18.0376,18.03987,18.0392,18.07371,0.00083,STAR
24.78324,22.57663,21.22186,21.11436,20.80179,-0.00032,STAR
23.0089,21.57866,21.07583,20.94352,21.06754,-0.0001,STAR
21.59964,21.10169,21.01214,20.93597,20.73201,2.11903,QSO
21.93062,20.95712,20.84165,20.79689,20.46078,-0.00048,STAR
22.75988,21.21442,21.01539,21.07235,21.43422,2.99096,QSO
19.22135,19.01119,18.88859,18.82827,18.66927,2.09723,QSO
23.33178,20.50048,18.95438,17.75944,17.10308,-7e-05,STAR
16.37663,14.80955,14.20069,13.97747,13.8793,0.00012,STAR
21.60888,19.36959,18.24123,17.73694,17.46624,0.00084,STAR
19.67672,17.53747,16.64016,16.31118,16.11637,0.00019,STAR
24.31781,20.6631,19.97936,19.61269,19.79155,-0.00046,STAR
20.40624,20.44815,20.19053,20.16239,20.16192,0.97383,QSO
19.81282,18.53445,18.01418,17.80558,17.71498,0.0001,STAR
18.49772,18.36915,18.42581,18.2093,18.23122,1.73034,QSO
19.81314,19.25551,18.99414,18.84014,18.60534,2.20479,QSO
19.74527,18.72343,18.31938,18.13107,18.01934,-0.00038,STAR
23.78116,21.87687,21.70505,21.97561,22.58783,0.00078,STAR
19.3614,18.12713,18.0872,18.0209,18.00938,-0.00041,STAR
19.04492,18.16155,17.82473,17.66772,17.61887,0.00042,STAR
18.16722,17.03613,16.75328,16.65073,16.61115,5e-05,STAR
17.85204,16.9727,16.64778,16.51674,16.46523,-6e-05,STAR
19.46372,19.06955,19.04536,18.89869,18.70091,0.70018,QSO
21.87819,21.28767,21.58179,21.26077,21.24411,2.10523,QSO
20.42517,17.91746,16.52911,15.92937,15.55118,-0.00034,STAR
21.25799,20.00804,19.41359,19.14203,19.04883,-0.00096,STAR
21.56765,21.16754,21.04275,20.89798,21.32852,0.80719,QSO
22.14487,20.20924,19.37324,19.11224,18.90072,5e-05,STAR
21.93047,19.79775,18.49834,17.83439,17.38411,0.00028,STAR
22.0211,21.8266,21.67251,21.53829,20.84769,2.12752,QSO
21.2325,20.18667,19.63679,19.455,19.05034,3.31062,QSO
22.48419,20.66239,20.54205,20.47318,20.06391,2.32683,QSO
20.82947,20.52998,20.39774,20.49951,20.44582,0.80656,QSO
24.06347,23.1044,22.56475,21.17188,22.12924,2.07919,QSO
18.30932,16.82681,16.25134,16.06014,15.96617,-5e-05,STAR
17.68916,15.97373,15.15367,14.68167,14.36919,0.07351,QSO
17.20944,15.77946,15.27353,15.13456,15.10865,-0.00024,STAR
20.81675,19.86704,19.73475,19.55954,19.53971,0.00012,STAR
18.96401,16.96106,16.14738,15.85129,15.71197,-0.0001,STAR
21.17957,20.25521,20.0122,19.85137,19.90955,0.00078,STAR
20.3696,18.15569,17.20565,16.95447,16.80774,4e-05,STAR
21.69979,21.42338,21.22257,21.1004,20.82863,1.68128,QSO
19.39556,17.6174,16.61543,16.10698,15.79794,0.10974,QSO
22.5092,21.51707,21.26175,21.28283,21.326,2.67983,QSO
20.83541,20.57544,20.34274,20.22591,20.06219,0.74242,QSO
23.25858,21.31039,19.77877,18.72016,18.10134,6e-05,STAR
22.89694,20.32217,18.80251,17.45915,16.72026,0.00011,STAR
25.02612,23.42867,21.16988,19.81154,19.10004,-0.00013,STAR
22.60596,21.04119,20.70834,20.62716,20.64403,2.92991,QSO
23.07599,17.69971,16.28182,15.67444,15.36734,-0.00014,STAR
22.3351,21.39475,21.37812,21.24866,21.001,2.29723,QSO
21.61278,19.54166,18.34797,17.89645,17.60105,-0.0001,STAR
25.00403,23.429,21.91125,20.50832,19.72949,0.00028,STAR
21.58611,19.35547,18.25146,17.76483,17.52172,-0.00031,STAR
23.4992,21.35001,20.50329,20.13441,19.861,0.00019,STAR
20.7056,19.34026,18.73743,18.52046,18.59605,-0.00026,STAR
18.51565,17.26473,16.77735,16.61356,16.52149,1e-05,STAR
17.10295,16.00324,15.8638,15.86728,15.90425,-0.00024,STAR
16.14814,14.8565,14.84955,14.88966,14.90833,-0.00063,STAR
25.62752,22.56433,21.66256,20.32955,19.80758,0.00021,STAR
17.54512,16.25496,15.79825,15.64344,15.59527,2e-05,STAR
19.78495,18.87157,18.57257,18.49176,18.46864,-0.00033,STAR
24.85639,24.45811,22.64459,21.14953,19.95578,0.0,STAR
20.7879,20.39457,20.18786,19.96791,19.65185,0.81275,QSO
21.25216,19.9337,18.65613,18.4938,17.98244,0.2647,QSO
22.71304,21.55903,21.3065,21.3616,21.78237,2.75364,QSO
23.50802,20.72584,20.039,19.72512,19.58488,-0.00019,STAR
22.15038,21.7447,21.53734,21.13085,21.4923,0.83648,QSO
22.3409,21.30247,21.09823,21.03336,20.74182,2.87744,QSO
20.41828,20.06261,19.83057,19.59224,19.51948,1.55877,QSO
23.77612,22.82182,22.24069,22.02905,21.3143,2.2332,QSO
21.06084,20.67023,20.61933,20.44788,20.50157,1.47241,QSO
23.52773,23.46401,22.34983,21.6727,21.77503,1.27642,QSO
21.21909,21.32202,21.13345,21.1669,21.23608,1.33858,QSO
24.56613,21.69554,21.11488,20.82111,20.8031,-0.00064,STAR
24.56201,21.75255,20.88352,20.70527,20.77382,-0.00127,STAR
20.22419,18.79401,18.16325,17.88482,17.72734,-0.00053,STAR
19.26786,18.36179,18.00079,17.83638,17.74852,0.00034,STAR
20.79494,20.54443,20.25479,19.77425,19.55932,1.88139,QSO
21.21,21.55358,20.81029,20.86483,20.91805,1.41774,QSO
20.99132,20.93041,20.56665,20.48887,20.55272,1.09739,QSO
24.34856,23.53166,22.10768,21.55631,21.27226,0.66,QSO
20.9914,20.84859,20.76305,20.62254,20.51745,1.7426,QSO
23.04463,22.38043,22.0467,21.77287,21.48801,1.7387,QSO
18.33284,18.29866,18.23572,18.20063,18.25798,1.2922,QSO
21.12516,21.57459,21.09067,21.10964,20.9917,1.36076,QSO
22.18303,22.06746,21.90671,21.7225,21.41461,1.2847,QSO
20.4969,20.11874,19.88173,19.73555,19.55926,2.17675,QSO
25.48897,22.86,20.84927,19.82078,19.41323,1.36891,QSO
24.87355,21.79672,21.05933,20.71598,20.5405,9e-05,STAR
23.22147,20.78904,19.20426,17.98249,17.34714,-2e-05,STAR
23.0969,21.93009,21.19808,20.96257,21.01436,-0.00035,STAR
23.81727,20.72656,20.04417,19.7912,19.69537,-0.00039,STAR
20.00537,18.71975,18.68258,18.69633,18.68918,-0.00119,STAR
22.79103,22.04059,20.95577,19.7627,19.45592,-0.00027,STAR
17.84606,16.82644,16.47766,16.38362,16.35789,9e-05,STAR
19.40141,18.62132,18.38511,18.27848,18.07971,2.27377,QSO
24.88561,21.32155,20.58571,20.36653,20.25246,-0.00053,STAR
22.80262,22.59647,20.67966,19.45729,19.01543,1e-05,STAR
22.82319,22.22885,22.35882,22.04231,22.40268,1.64206,QSO
21.66384,21.86185,21.5345,21.54832,20.8173,1.26187,QSO
19.95561,19.52831,19.4978,19.26413,19.11748,0.539,QSO
20.08207,19.10326,18.78452,18.69586,18.65186,-0.00089,STAR
16.8679,15.67914,15.36341,15.26657,15.24123,-6e-05,STAR
19.52174,19.1918,19.03978,18.83018,18.67957,1.91767,QSO
23.27383,21.50897,21.15525,21.01576,20.86069,0.84906,QSO
23.25112,22.26302,20.98178,19.54073,18.97885,5e-05,STAR
24.70337,22.21227,21.34209,20.03629,19.13783,-0.00315,STAR
21.99214,20.20874,19.27603,18.91817,18.73714,-2e-05,STAR
18.28143,16.95925,16.42716,16.20237,16.12099,-0.00065,STAR
19.07395,18.16403,17.87341,17.74321,17.711,2e-05,STAR
22.88737,21.5159,21.25041,21.00698,20.75276,0.71638,QSO
22.1836,20.58738,20.35972,20.17133,20.11756,2.92458,QSO
22.27828,21.6528,21.53684,21.51586,21.39814,2.78158,QSO
23.6139,22.5369,20.83591,19.81166,19.32333,0.00023,STAR
21.84652,20.84087,20.79118,20.83683,20.96089,-0.00015,STAR
23.37265,22.17066,20.83585,19.8387,19.34359,-6e-05,STAR
21.12571,20.63831,20.44493,20.22487,20.47977,1.52797,QSO
22.48723,21.34375,20.90193,20.7712,20.46114,1.14471,QSO
20.19214,18.95505,18.48778,18.29593,18.25263,-6e-05,STAR
22.43572,21.65426,21.44789,20.83802,21.58179,-8e-05,STAR
21.28033,19.93608,19.34953,19.17074,19.01661,-0.00019,STAR
16.53671,16.44774,16.47947,16.57965,16.17858,0.36516,QSO
21.14073,20.05137,19.84308,19.61087,19.58228,0.00043,STAR
21.2344,19.99391,19.80719,19.66509,19.87516,-0.00136,STAR
19.17007,17.85257,17.32417,17.09241,16.97144,-0.00016,STAR
21.81973,20.92974,20.57434,20.48023,20.3172,-0.00063,STAR
21.689,21.64847,21.52554,21.23064,20.825,1.98597,QSO
23.21161,20.80184,19.7447,19.41825,19.16669,-8e-05,STAR
19.53474,18.6269,18.2912,18.16718,18.09916,0.00104,STAR
17.32204,16.39351,16.14718,16.03016,16.00137,0.00026,STAR
22.71816,21.99185,21.80286,21.94554,21.90719,2.7841,QSO
24.02592,20.49405,19.02761,17.24249,16.23354,0.0001,STAR
25.67489,22.52787,21.19145,19.93568,19.18826,-0.00013,STAR
22.53947,21.09439,20.4267,20.05024,19.73306,6.7087,QSO
20.23176,20.09687,19.82363,19.91295,19.96243,1.22002,QSO
22.7314,22.88232,21.64872,21.08531,20.3919,0.35693,QSO
19.26341,18.92192,18.44387,18.23625,17.8456,0.29326,QSO
21.34623,20.30185,20.29398,20.33697,20.10537,0.00027,STAR
22.09588,21.32531,21.05392,21.0308,20.74201,-0.00033,STAR
21.01766,20.21871,19.86531,19.757,19.74425,0.00011,STAR
20.682,19.16001,18.60035,18.37755,18.22029,-0.00058,STAR
24.03335,22.47415,21.25033,20.81597,20.66478,-0.0009,STAR
19.79291,18.46646,17.95433,17.77887,17.73801,-2e-05,STAR
20.244,19.54049,19.45298,19.45536,19.17715,2.30679,QSO
19.77234,18.56992,18.13157,17.95538,17.87789,-8e-05,STAR
20.2594,19.572,19.61425,19.39838,19.3438,0.62669,QSO
19.60379,18.61589,18.27359,18.15609,18.11471,-4e-05,STAR
25.03267,21.86147,21.45842,21.5704,21.15997,-0.00034,STAR
23.82334,22.35275,21.38701,21.06436,20.569,0.97818,QSO
22.32792,21.696,20.90931,20.27936,20.06843,1.48162,QSO
24.25379,21.79414,20.21191,18.61073,17.74136,-4e-05,STAR
23.03627,20.56716,19.12441,17.97224,17.32504,0.0005,STAR
19.77981,18.59859,18.19473,18.06469,17.99357,0.00019,STAR
22.7261,22.05298,22.10413,22.01579,21.40309,0.00041,STAR
25.42562,21.53099,20.17315,18.66921,17.86336,0.0001,STAR
20.83912,20.8756,20.67019,20.6353,20.45709,1.23317,QSO
18.37129,17.24368,16.72112,16.50053,16.36276,0.00038,STAR
21.84997,21.65018,21.65435,21.11619,21.13339,1.65114,QSO
22.89444,21.91098,21.48983,21.36118,22.21284,-0.00042,STAR
23.08175,21.03235,20.7166,20.5656,20.45156,-0.00067,STAR
20.90846,18.94314,18.42417,18.22682,18.10205,-2e-05,STAR
19.36232,18.36058,18.11293,18.03793,17.99693,0.00026,STAR
21.173,20.59923,20.37848,20.24101,20.08279,0.76568,QSO
22.68297,22.74221,22.58256,22.13238,21.9523,1.99316,QSO
21.65812,20.71997,20.3633,20.30436,20.10529,-0.00073,STAR
21.6647,20.95803,20.69082,20.2601,19.94502,0.65118,QSO
21.25796,19.49985,18.70368,18.33645,18.09606,-0.00045,STAR
21.0751,20.12215,19.79426,19.65981,19.65404,0.00015,STAR
18.43497,17.34806,16.97049,16.83707,16.78702,-0.00039,STAR
25.63189,21.52171,21.0413,21.04931,20.92215,-4e-05,STAR
18.43011,17.36833,17.57244,17.74579,17.86232,-0.00034,STAR
18.23116,16.97248,16.52935,16.72819,16.33178,-6e-05,STAR
20.93705,20.79628,20.63535,20.4601,20.13831,1.77787,QSO
22.53633,21.65808,21.67136,21.78228,21.50387,0.00164,STAR
23.70727,22.14771,21.44024,20.88578,20.38339,0.73128,QSO
21.25573,21.27637,21.33765,21.01205,20.95191,2.08842,QSO
23.0716,21.80664,21.82121,21.76613,22.84115,-0.0012,STAR
19.77522,19.28674,18.65994,18.53734,18.34105,0.99753,QSO
19.27322,19.09826,19.01993,18.78687,18.80931,1.63655,QSO
23.03534,22.04505,22.05556,21.68795,21.68524,1.54347,QSO
22.16361,21.60265,21.13972,21.10106,21.1541,-0.00019,STAR
21.57212,20.42957,19.85264,19.62226,19.50235,-0.0001,STAR
23.75101,21.37479,20.94453,20.99235,20.7898,1.07229,QSO
20.47866,20.30042,20.24717,20.0869,20.19221,1.56364,QSO
20.40282,20.46295,20.50408,20.20353,20.15306,1.85076,QSO
20.33648,20.19044,19.56856,19.5399,19.65549,1.35407,QSO
22.8313,22.77192,22.07724,21.29977,21.58189,1.54684,QSO
19.81368,19.15893,19.1062,19.11386,18.90697,2.36416,QSO
20.93784,21.11276,20.74453,20.75612,20.78524,1.21896,QSO
22.34366,21.29194,21.01479,20.93135,20.56186,0.87068,QSO
23.32761,21.46484,20.63842,20.3342,19.88566,0.89648,QSO
20.66792,20.49502,20.49069,20.42912,20.14485,2.12275,QSO
27.39075,22.8881,21.65089,20.63223,19.39092,1.72301,QSO
22.43077,21.9845,22.09774,22.19243,21.18254,2.46314,QSO
22.11579,20.98566,20.84632,20.74254,20.43358,2.2147,QSO
19.84231,19.2203,18.93432,18.86145,18.61656,2.35181,QSO
20.98912,20.18814,20.27738,20.16734,19.74376,2.37839,QSO
22.69191,22.11974,21.62565,21.09432,20.56445,1.62734,QSO
22.08458,21.41897,21.34567,21.26938,20.99565,2.77648,QSO
22.96156,21.49241,20.63635,19.88769,19.72796,1.26854,QSO
21.57442,21.83533,21.49989,21.51426,21.19073,1.42566,QSO
21.29695,20.78273,20.43822,20.22952,19.85112,2.02115,QSO
21.30416,20.99472,20.62005,20.6805,20.56001,1.05009,QSO
22.56352,21.77444,21.62399,21.49148,21.04018,1.21536,QSO
23.36239,23.32612,23.23295,22.635,22.64985,1.22717,QSO
21.24203,20.47441,20.15183,19.86805,19.72086,0.75461,QSO
22.63313,21.32955,21.36004,21.43757,21.88967,2.47753,QSO
22.58502,21.63904,21.50235,21.25396,21.25296,0.70281,QSO
22.66796,20.32349,20.04394,19.96936,19.74899,2.98235,QSO
23.27316,21.41478,21.11168,20.67956,20.61156,2.77513,QSO
20.64608,19.67762,19.17599,18.98794,18.93736,2.22662,QSO
19.54159,18.83999,18.81136,18.78608,18.588,2.40643,QSO
22.05279,21.75018,21.27773,20.8934,20.47467,0.70612,QSO
23.88114,21.00282,20.65705,20.70429,20.5012,3.04186,QSO
21.8001,21.7842,21.83587,21.51832,20.95056,2.40053,QSO
22.85812,21.62581,21.33805,21.08617,20.70518,2.95913,QSO
21.29846,20.77654,20.63685,20.576,20.58763,1.57417,QSO
21.6868,20.88841,20.67273,20.63385,20.63314,2.58599,QSO
22.4556,21.87712,21.71893,21.25305,21.55507,1.51887,QSO
22.02661,20.35802,20.08123,19.9645,19.86757,3.00182,QSO
21.33622,20.8738,20.72071,20.52934,20.36346,1.6039,QSO
19.30057,18.84465,18.23633,17.73913,17.62117,0.19378,QSO
19.28853,19.14895,19.12903,18.89933,18.97181,1.69307,QSO
17.75747,17.51318,16.92324,16.44986,16.60135,0.19291,QSO
22.98263,21.50611,21.44208,21.51607,21.67068,2.99978,QSO
21.47286,21.21751,20.99519,21.01338,20.69307,0.86799,QSO
22.17256,21.14191,20.64492,20.61265,20.13042,2.37424,QSO
21.80948,21.1317,20.97653,20.74876,20.58061,1.53088,QSO
20.76045,20.71115,20.55311,20.56966,20.76799,1.18843,QSO
24.08557,25.49705,14.11779,23.94488,23.49461,6.06905,QSO
22.76226,21.96005,22.10523,21.62715,21.35631,1.6314,QSO
22.09934,21.79491,21.56643,21.39108,21.03818,1.3886,QSO
20.53991,19.90733,19.82478,19.74341,19.69281,2.65358,QSO
21.77988,21.5521,21.47637,21.09006,20.51553,1.75499,QSO
22.24996,21.39911,21.40324,21.38506,20.94245,2.60695,QSO
20.14959,19.5738,19.3384,19.14367,18.94443,0.71046,QSO
21.47933,20.82656,20.56057,20.65838,20.51987,0.84656,QSO
22.53341,22.04878,21.99654,21.90789,21.26198,1.95275,QSO
21.64391,20.99838,20.92616,20.88767,21.29182,2.28011,QSO
21.54748,21.4141,21.27619,20.84745,20.95687,1.74298,QSO
21.16807,20.83227,20.69007,20.37811,20.45422,1.69066,QSO
23.41034,22.38044,22.22089,21.7368,21.19272,1.5751,QSO
21.87046,21.74347,21.3091,21.0164,21.12137,1.50879,QSO
21.75807,20.42641,19.98594,19.64378,19.6365,3.19488,QSO
24.03371,21.75708,20.62851,20.55687,20.82899,3.83791,QSO
19.21804,19.2501,19.26805,18.87394,18.86736,1.86591,QSO
21.13915,20.59181,20.62072,20.53096,20.06556,2.23644,QSO
19.15151,18.97799,18.78815,18.59226,18.28844,2.0773,QSO
19.57009,19.17313,18.96527,18.82801,18.89609,1.47117,QSO
22.88442,22.00399,21.41848,21.35179,20.94357,1.07518,QSO
22.26586,21.663,21.99043,21.55954,21.46657,1.81462,QSO
21.37393,21.27571,21.27039,21.08787,21.06613,1.61021,QSO
25.75616,22.87473,21.34708,21.17797,20.68368,0.07303,QSO
21.40953,21.16156,21.20649,20.88391,20.76538,1.75683,QSO
22.32612,21.26204,20.65845,20.21582,19.67005,0.49369,QSO
22.01231,21.67528,21.90001,21.44188,22.17486,1.7275,QSO
21.62134,21.00946,20.74744,20.70454,20.57724,2.64359,QSO
20.57022,20.41751,20.16364,20.0148,20.19663,1.49983,QSO
21.95053,21.55485,21.60403,21.30635,21.76626,1.97049,QSO
20.67533,20.07163,20.11107,20.04206,19.80754,2.39393,QSO
21.66282,21.18559,21.05408,20.81749,20.51983,0.70421,QSO
21.90847,21.3064,21.19977,21.16807,20.78851,2.34142,QSO
20.90189,21.28163,20.87665,20.73679,20.68778,1.20689,QSO
20.59521,20.52432,20.44593,20.18775,20.08776,1.73227,QSO
21.06264,20.49287,20.39812,20.38872,20.13175,0.78069,QSO
19.59469,19.39359,19.08492,19.01972,19.14087,0.96035,QSO
17.65224,17.11615,17.03724,16.92419,16.92103,1.69311,QSO
19.69813,19.54622,19.51226,19.27917,19.15176,1.74113,QSO
25.89506,22.31122,21.89314,22.01951,21.87709,0.62878,QSO
20.50912,20.43185,20.34643,20.43836,20.44913,1.25441,QSO
21.51415,21.58237,21.6176,21.3235,20.93199,1.84505,QSO
23.12276,22.9298,21.87417,21.10025,20.40365,1.53786,QSO
20.26751,20.4776,20.21353,20.04655,20.08319,1.44141,QSO
21.08437,21.05481,21.04651,20.61527,20.28593,1.7796,QSO
23.8322,21.78428,21.65726,21.74994,20.95866,2.61631,QSO
21.88502,21.30815,21.17247,21.04565,20.83385,2.52837,QSO
22.85574,21.8521,21.86032,21.39224,20.65708,1.66411,QSO
17.54587,17.34075,17.36986,17.4462,17.40734,0.74573,QSO
22.64075,21.62998,21.55315,21.49573,21.03016,3.16179,QSO
22.18977,21.88469,21.46387,21.32201,21.28889,1.17466,QSO
20.72981,19.94013,19.89429,19.9015,19.62082,2.66816,QSO
23.18945,22.22578,21.99344,21.36905,22.76483,0.74831,QSO
21.33334,20.75741,20.50059,20.21068,19.67931,0.76325,QSO
22.63035,21.27926,21.26907,21.03551,20.82588,2.36298,QSO
20.46851,20.54307,20.4475,20.14046,19.8798,1.9866,QSO
22.05203,21.57101,21.18575,20.69944,20.4947,1.73984,QSO
22.45066,22.65254,22.06955,22.02889,22.26477,1.82518,QSO
20.60246,20.5255,20.20548,20.1735,20.02028,1.37508,QSO
20.73751,20.4436,20.45383,20.10742,19.96799,1.79852,QSO
21.80032,21.62902,21.45984,21.27218,21.44032,1.54371,QSO
21.43241,21.28713,20.88071,20.90323,20.28832,1.08989,QSO
20.00873,19.2412,18.55704,18.12189,17.92266,0.12992,QSO
21.11456,20.63159,20.36817,20.28768,20.06912,2.35478,QSO
22.7568,20.93009,20.79676,20.93128,20.34678,3.14776,QSO
22.82351,21.10151,20.88229,20.8346,20.45341,2.83338,QSO
19.63705,19.27592,19.28226,19.01427,18.86626,0.50966,QSO
19.27827,19.32741,19.31249,19.0025,19.00464,1.88052,QSO
22.63377,21.06323,20.38432,20.22949,20.19077,3.45548,QSO
20.64549,20.60241,20.19885,20.20064,20.03042,1.12276,QSO
20.51919,20.30272,20.16653,19.87317,19.95681,1.64253,QSO
21.66853,20.03076,19.77875,19.69284,19.67507,2.84063,QSO
21.18371,20.21253,20.15439,20.07625,19.97094,2.61519,QSO
20.99651,20.83139,20.77386,20.27032,20.51337,1.6716,QSO
20.23362,20.19597,19.89065,19.61162,19.35124,2.04175,QSO
22.6331,21.7029,21.03146,20.42432,19.99475,1.82138,QSO
19.6179,19.39059,19.2553,18.85212,18.82025,1.44096,QSO
23.24809,21.91872,21.66189,21.62314,21.30266,2.49628,QSO
23.12099,22.27622,22.49208,21.98228,21.94736,1.73679,QSO
22.00133,22.07711,21.34751,21.12254,21.41203,1.44449,QSO
21.61647,21.49022,21.43914,21.49868,21.03711,1.01614,QSO
26.62619,25.71871,22.42591,20.9345,19.68548,1.15503,QSO
22.96683,21.5653,20.52369,19.92445,19.39816,0.78419,QSO
21.80035,21.90903,21.52863,21.41884,21.01163,1.11073,QSO
21.72609,21.2453,21.05838,20.86454,20.70468,1.69888,QSO
21.75832,21.37271,21.11017,20.73029,20.88562,1.71523,QSO
21.35409,20.79268,20.73572,20.62057,20.58795,2.44338,QSO
22.80064,23.00068,22.18028,21.83085,21.87367,1.1079,QSO
24.05315,21.25117,19.77413,19.68399,19.39775,4.0326,QSO
20.06085,20.17607,20.26307,20.01701,19.95881,2.54303,QSO
19.05552,18.76403,18.28959,18.17976,17.80629,0.29711,QSO
23.89126,21.95423,21.79447,21.80618,21.25164,2.2588,QSO
22.67814,21.93833,21.619,21.52312,21.61768,1.39818,QSO
18.45219,18.48273,18.18712,18.14192,18.19261,1.23293,QSO
22.22433,21.99776,21.63763,21.55843,20.76933,1.39882,QSO
20.66693,20.77353,20.84614,20.57177,20.68344,1.75925,QSO
19.55418,19.20196,18.79629,18.74468,18.26942,0.32587,QSO
22.6441,21.7637,21.27914,21.13988,20.82169,1.84614,QSO
21.15513,21.06007,20.86877,20.832,21.1751,2.07951,QSO
21.0912,21.24633,21.0071,20.92758,21.14149,1.20713,QSO
25.2371,22.06823,21.70186,21.47612,21.44678,0.17965,QSO
20.65627,20.53166,19.9575,19.81105,19.71081,1.35994,QSO
19.60711,19.30037,19.27686,19.22827,19.08203,2.17173,QSO
23.10442,22.41339,21.72073,21.25465,20.56494,0.85387,QSO
21.73395,20.77631,20.21368,19.59603,19.44371,0.64356,QSO
21.37705,21.34127,21.08682,21.08007,21.21218,1.12482,QSO
22.00219,21.12524,20.89971,20.77699,20.45544,2.48535,QSO
21.88389,21.83006,21.51403,21.34548,21.47318,1.5086,QSO
25.38584,22.03112,20.08683,19.34456,19.09935,1.23962,QSO
19.49283,19.32365,18.94607,18.869,18.76815,1.21696,QSO
21.48969,21.01831,20.95803,21.012,20.74879,2.32222,QSO
21.19045,20.81971,20.86446,20.81314,20.28304,2.22842,QSO
